timeframe,profile,bars_loaded,bars_evaluated,passed_regime_filter,failed_regime_filter,passed_spread_filter,failed_spread_filter,passed_volatility_filter,failed_volatility_filter,passed_trend_filter,failed_trend_filter,passed_pullback_filter,failed_pullback_filter,passed_rsi_filter,failed_rsi_filter,passed_ema_filter,failed_ema_filter,passed_score_threshold,failed_score_threshold,generated_signal_count,actionable_signal_count,blocked_by_risk_governor,opened_shadow_trade_count,closed_trade_count,buy_signals,sell_signals,avg_spread,avg_atr,restrictiveness_score,top_no_trade_reasons,top_restrictive_filters
M30,ema_rsi_confirmed_v1,5000,4999,3508,1491,4980,19,1050,3949,4980,19,3444,1555,3554,1445,3983,1016,401,4598,71,71,0,23,23,71,0,25.0,336.319948,28.1896,"[{""reason"": ""volatility_too_low"", ""count"": 4500}, {""reason"": ""cooldown_after_loss"", ""count"": 2022}, {""reason"": ""block_after_consecutive_losses"", ""count"": 2010}, {""reason"": ""ema_rsi_not_confirmed"", ""count"": 805}, {""reason"": ""ema_distance_too_far"", ""count"": 294}, {""reason"": ""regime_chop"", ""count"": 188}, {""reason"": ""extended_candle_no_chase"", ""count"": 40}, {""reason"": ""insufficient_history"", ""count"": 19}]","[{""reason"": ""score_threshold"", ""count"": 4598}, {""reason"": ""volatility_filter"", ""count"": 3949}, {""reason"": ""pullback_filter"", ""count"": 1555}, {""reason"": ""regime_filter"", ""count"": 1491}, {""reason"": ""rsi_filter"", ""count"": 1445}, {""reason"": ""ema_filter"", ""count"": 1016}, {""reason"": ""spread_filter"", ""count"": 19}, {""reason"": ""trend_filter"", ""count"": 19}]"
M30,liquidity_sweep_v2_confirmed,5000,4999,4980,19,4980,19,2004,2995,4980,19,621,4378,0,4999,4897,102,215,4784,99,99,0,18,18,43,56,25.0,336.319948,34.6369,"[{""reason"": ""recent_edge_negative"", ""count"": 4452}, {""reason"": ""volatility_too_low"", ""count"": 3111}, {""reason"": ""liquidity_sweep_not_confirmed"", ""count"": 2219}, {""reason"": ""ema_distance_too_far"", ""count"": 39}, {""reason"": ""extended_candle_no_chase"", ""count"": 21}, {""reason"": ""insufficient_history"", ""count"": 19}, {""reason"": ""cooldown_after_loss"", ""count"": 8}]","[{""reason"": ""rsi_filter"", ""count"": 4999}, {""reason"": ""score_threshold"", ""count"": 4784}, {""reason"": ""pullback_filter"", ""count"": 4378}, {""reason"": ""volatility_filter"", ""count"": 2995}, {""reason"": ""ema_filter"", ""count"": 102}, {""reason"": ""regime_filter"", ""count"": 19}, {""reason"": ""spread_filter"", ""count"": 19}, {""reason"": ""trend_filter"", ""count"": 19}]"
M30,trend_v3_pullback_confirmed,5000,4999,3508,1491,4980,19,458,4541,4780,219,4980,19,4195,804,4639,360,116,4883,63,63,0,16,16,63,0,25.0,336.319948,24.6769,"[{""reason"": ""volatility_too_low"", ""count"": 4496}, {""reason"": ""cooldown_after_loss"", ""count"": 2468}, {""reason"": ""block_after_consecutive_losses"", ""count"": 2458}, {""reason"": ""score_too_low"", ""count"": 198}, {""reason"": ""weak_internal_scores"", ""count"": 164}, {""reason"": ""regime_chop"", ""count"": 53}, {""reason"": ""ema_distance_too_far"", ""count"": 22}, {""reason"": ""insufficient_history"", ""count"": 19}, {""reason"": ""waiting_confirmation"", ""count"": 16}, {""reason"": ""rsi_extreme_block"", ""count"": 10}]","[{""reason"": ""score_threshold"", ""count"": 4883}, {""reason"": ""volatility_filter"", ""count"": 4541}, {""reason"": ""regime_filter"", ""count"": 1491}, {""reason"": ""rsi_filter"", ""count"": 804}, {""reason"": ""ema_filter"", ""count"": 360}, {""reason"": ""trend_filter"", ""count"": 219}, {""reason"": ""spread_filter"", ""count"": 19}, {""reason"": ""pullback_filter"", ""count"": 19}]"
M30,rsi_reversal_v2_confirmed,5000,4999,3508,1491,4980,19,403,4596,3530,1469,4980,19,3554,1445,4639,360,138,4861,70,70,0,14,14,70,0,25.0,336.319948,28.5257,"[{""reason"": ""volatility_too_low"", ""count"": 4542}, {""reason"": ""cooldown_after_loss"", ""count"": 2480}, {""reason"": ""block_after_consecutive_losses"", ""count"": 2472}, {""reason"": ""score_too_low"", ""count"": 146}, {""reason"": ""weak_internal_scores"", ""count"": 136}, {""reason"": ""regime_chop"", ""count"": 48}, {""reason"": ""waiting_confirmation"", ""count"": 23}, {""reason"": ""ema_distance_too_far"", ""count"": 23}, {""reason"": ""insufficient_history"", ""count"": 19}, {""reason"": ""rsi_extreme_block"", ""count"": 15}]","[{""reason"": ""score_threshold"", ""count"": 4861}, {""reason"": ""volatility_filter"", ""count"": 4596}, {""reason"": ""regime_filter"", ""count"": 1491}, {""reason"": ""trend_filter"", ""count"": 1469}, {""reason"": ""rsi_filter"", ""count"": 1445}, {""reason"": ""ema_filter"", ""count"": 360}, {""reason"": ""spread_filter"", ""count"": 19}, {""reason"": ""pullback_filter"", ""count"": 19}]"
H1,anti_chop_v4_balanced,5000,4999,4123,876,4980,19,2699,2300,4980,19,3364,1635,4335,664,4783,216,1137,3862,370,370,0,13,13,370,0,25.0,553.729295,19.1858,"[{""reason"": ""drawdown_accelerating"", ""count"": 4273}, {""reason"": ""volatility_too_low"", ""count"": 2531}, {""reason"": ""trend_continuation_not_confirmed"", ""count"": 2367}, {""reason"": ""regime_chop"", ""count"": 264}, {""reason"": ""ema_distance_too_far"", ""count"": 103}, {""reason"": ""extended_candle_no_chase"", ""count"": 44}, {""reason"": ""insufficient_history"", ""count"": 19}, {""reason"": ""cooldown_after_loss"", ""count"": 6}]","[{""reason"": ""score_threshold"", ""count"": 3862}, {""reason"": ""volatility_filter"", ""count"": 2300}, {""reason"": ""pullback_filter"", ""count"": 1635}, {""reason"": ""regime_filter"", ""count"": 876}, {""reason"": ""rsi_filter"", ""count"": 664}, {""reason"": ""ema_filter"", ""count"": 216}, {""reason"": ""spread_filter"", ""count"": 19}, {""reason"": ""trend_filter"", ""count"": 19}]"
M30,anti_chop_v4_balanced,5000,4999,3508,1491,4980,19,1050,3949,4980,19,3444,1555,4450,549,4788,211,999,4000,168,168,0,13,13,168,0,25.0,336.319948,23.5907,"[{""reason"": ""drawdown_accelerating"", ""count"": 4934}, {""reason"": ""volatility_too_low"", ""count"": 3949}, {""reason"": ""trend_continuation_not_confirmed"", ""count"": 669}, {""reason"": ""regime_chop"", ""count"": 159}, {""reason"": ""ema_distance_too_far"", ""count"": 59}, {""reason"": ""insufficient_history"", ""count"": 19}, {""reason"": ""extended_candle_no_chase"", ""count"": 15}, {""reason"": ""cooldown_after_loss"", ""count"": 4}]","[{""reason"": ""score_threshold"", ""count"": 4000}, {""reason"": ""volatility_filter"", ""count"": 3949}, {""reason"": ""pullback_filter"", ""count"": 1555}, {""reason"": ""regime_filter"", ""count"": 1491}, {""reason"": ""rsi_filter"", ""count"": 549}, {""reason"": ""ema_filter"", ""count"": 211}, {""reason"": ""spread_filter"", ""count"": 19}, {""reason"": ""trend_filter"", ""count"": 19}]"
M30,low_drawdown_v3_more_trades,5000,4999,3508,1491,4980,19,1360,3639,4353,646,3444,1555,4195,804,4639,360,525,4474,149,149,0,13,13,149,0,25.0,336.319948,25.9812,"[{""reason"": ""drawdown_accelerating"", ""count"": 4934}, {""reason"": ""volatility_too_low"", ""count"": 3639}, {""reason"": ""ema_rsi_not_confirmed"", ""count"": 881}, {""reason"": ""regime_chop"", ""count"": 214}, {""reason"": ""ema_distance_too_far"", ""count"": 117}, {""reason"": ""extended_candle_no_chase"", ""count"": 23}, {""reason"": ""insufficient_history"", ""count"": 19}, {""reason"": ""cooldown_after_loss"", ""count"": 4}]","[{""reason"": ""score_threshold"", ""count"": 4474}, {""reason"": ""volatility_filter"", ""count"": 3639}, {""reason"": ""pullback_filter"", ""count"": 1555}, {""reason"": ""regime_filter"", ""count"": 1491}, {""reason"": ""rsi_filter"", ""count"": 804}, {""reason"": ""trend_filter"", ""count"": 646}, {""reason"": ""ema_filter"", ""count"": 360}, {""reason"": ""spread_filter"", ""count"": 19}]"
M30,trend_continuation_v3_balanced,5000,4999,3508,1491,4980,19,1662,3337,4980,19,3444,1555,4601,398,4841,158,1143,3856,315,315,0,12,12,315,0,25.0,336.319948,21.6703,"[{""reason"": ""drawdown_accelerating"", ""count"": 4934}, {""reason"": ""volatility_too_low"", ""count"": 3337}, {""reason"": ""trend_continuation_not_confirmed"", ""count"": 1030}, {""reason"": ""regime_chop"", ""count"": 264}, {""reason"": ""ema_distance_too_far"", ""count"": 57}, {""reason"": ""insufficient_history"", ""count"": 19}, {""reason"": ""extended_candle_no_chase"", ""count"": 16}, {""reason"": ""cooldown_after_loss"", ""count"": 4}]","[{""reason"": ""score_threshold"", ""count"": 3856}, {""reason"": ""volatility_filter"", ""count"": 3337}, {""reason"": ""pullback_filter"", ""count"": 1555}, {""reason"": ""regime_filter"", ""count"": 1491}, {""reason"": ""rsi_filter"", ""count"": 398}, {""reason"": ""ema_filter"", ""count"": 158}, {""reason"": ""spread_filter"", ""count"": 19}, {""reason"": ""trend_filter"", ""count"": 19}]"
M30,trend_continuation_v1,5000,4999,3508,1491,4980,19,1050,3949,4353,646,3444,1555,4450,549,4639,360,744,4255,155,155,0,12,12,155,0,25.0,336.319948,25.6531,"[{""reason"": ""volatility_too_low"", ""count"": 3949}, {""reason"": ""cooldown_after_loss"", ""count"": 2464}, {""reason"": ""block_after_consecutive_losses"", ""count"": 2458}, {""reason"": ""trend_continuation_not_confirmed"", ""count"": 659}, {""reason"": ""regime_chop"", ""count"": 159}, {""reason"": ""ema_distance_too_far"", ""count"": 92}, {""reason"": ""insufficient_history"", ""count"": 19}, {""reason"": ""extended_candle_no_chase"", ""count"": 18}]","[{""reason"": ""score_threshold"", ""count"": 4255}, {""reason"": ""volatility_filter"", ""count"": 3949}, {""reason"": ""pullback_filter"", ""count"": 1555}, {""reason"": ""regime_filter"", ""count"": 1491}, {""reason"": ""trend_filter"", ""count"": 646}, {""reason"": ""rsi_filter"", ""count"": 549}, {""reason"": ""ema_filter"", ""count"": 360}, {""reason"": ""spread_filter"", ""count"": 19}]"
M30,capital_preservation_v3_balanced,5000,4999,3508,1491,4980,19,1050,3949,3801,1198,3444,1555,4084,915,4536,463,401,4598,92,92,0,12,12,92,0,25.0,336.319948,28.3817,"[{""reason"": ""drawdown_accelerating"", ""count"": 4934}, {""reason"": ""volatility_too_low"", ""count"": 3949}, {""reason"": ""ema_rsi_not_confirmed"", ""count"": 692}, {""reason"": ""regime_chop"", ""count"": 159}, {""reason"": ""ema_distance_too_far"", ""count"": 113}, {""reason"": ""insufficient_history"", ""count"": 19}, {""reason"": ""extended_candle_no_chase"", ""count"": 17}, {""reason"": ""cooldown_after_loss"", ""count"": 4}]","[{""reason"": ""score_threshold"", ""count"": 4598}, {""reason"": ""volatility_filter"", ""count"": 3949}, {""reason"": ""pullback_filter"", ""count"": 1555}, {""reason"": ""regime_filter"", ""count"": 1491}, {""reason"": ""trend_filter"", ""count"": 1198}, {""reason"": ""rsi_filter"", ""count"": 915}, {""reason"": ""ema_filter"", ""count"": 463}, {""reason"": ""spread_filter"", ""count"": 19}]"
M30,session_filtered_v1,5000,4999,3508,1491,4980,19,826,4173,3801,1198,3444,1555,4294,705,4381,618,653,4346,52,52,0,12,12,52,0,25.0,336.319948,28.2156,"[{""reason"": ""drawdown_accelerating"", ""count"": 4289}, {""reason"": ""volatility_too_low"", ""count"": 2933}, {""reason"": ""session_filter"", ""count"": 2185}, {""reason"": ""trend_continuation_not_confirmed"", ""count"": 306}, {""reason"": ""ema_distance_too_far"", ""count"": 112}, {""reason"": ""regime_chop"", ""count"": 64}, {""reason"": ""insufficient_history"", ""count"": 19}, {""reason"": ""extended_candle_no_chase"", ""count"": 13}, {""reason"": ""cooldown_after_loss"", ""count"": 2}]","[{""reason"": ""score_threshold"", ""count"": 4346}, {""reason"": ""volatility_filter"", ""count"": 4173}, {""reason"": ""pullback_filter"", ""count"": 1555}, {""reason"": ""regime_filter"", ""count"": 1491}, {""reason"": ""trend_filter"", ""count"": 1198}, {""reason"": ""rsi_filter"", ""count"": 705}, {""reason"": ""ema_filter"", ""count"": 618}, {""reason"": ""spread_filter"", ""count"": 19}]"
M30,anti_chop_v2_safe,5000,4999,3508,1491,4980,19,458,4541,3530,1469,4980,19,4294,705,4639,360,175,4824,31,31,0,12,12,31,0,25.0,336.319948,26.8614,"[{""reason"": ""volatility_too_low"", ""count"": 4517}, {""reason"": ""cooldown_after_loss"", ""count"": 2474}, {""reason"": ""block_after_consecutive_losses"", ""count"": 2467}, {""reason"": ""score_too_low"", ""count"": 177}, {""reason"": ""weak_internal_scores"", ""count"": 153}, {""reason"": ""regime_chop"", ""count"": 54}, {""reason"": ""ema_distance_too_far"", ""count"": 32}, {""reason"": ""waiting_confirmation"", ""count"": 25}, {""reason"": ""insufficient_history"", ""count"": 19}, {""reason"": ""rsi_extreme_block"", ""count"": 19}]","[{""reason"": ""score_threshold"", ""count"": 4824}, {""reason"": ""volatility_filter"", ""count"": 4541}, {""reason"": ""regime_filter"", ""count"": 1491}, {""reason"": ""trend_filter"", ""count"": 1469}, {""reason"": ""rsi_filter"", ""count"": 705}, {""reason"": ""ema_filter"", ""count"": 360}, {""reason"": ""spread_filter"", ""count"": 19}, {""reason"": ""pullback_filter"", ""count"": 19}]"
M30,trend_v2_drawdown_guard,5000,4999,3508,1491,4980,19,501,4498,4796,203,4980,19,4450,549,4639,360,175,4824,31,31,0,12,12,31,0,25.0,336.319948,23.9308,"[{""reason"": ""volatility_too_low"", ""count"": 4475}, {""reason"": ""cooldown_after_loss"", ""count"": 2474}, {""reason"": ""block_after_consecutive_losses"", ""count"": 2467}, {""reason"": ""score_too_low"", ""count"": 188}, {""reason"": ""weak_internal_scores"", ""count"": 166}, {""reason"": ""regime_chop"", ""count"": 64}, {""reason"": ""ema_distance_too_far"", ""count"": 35}, {""reason"": ""waiting_confirmation"", ""count"": 25}, {""reason"": ""rsi_extreme_block"", ""count"": 20}, {""reason"": ""insufficient_history"", ""count"": 19}]","[{""reason"": ""score_threshold"", ""count"": 4824}, {""reason"": ""volatility_filter"", ""count"": 4498}, {""reason"": ""regime_filter"", ""count"": 1491}, {""reason"": ""rsi_filter"", ""count"": 549}, {""reason"": ""ema_filter"", ""count"": 360}, {""reason"": ""trend_filter"", ""count"": 203}, {""reason"": ""spread_filter"", ""count"": 19}, {""reason"": ""pullback_filter"", ""count"": 19}]"
M30,anti_chop_v3_low_drawdown,5000,4999,3508,1491,4980,19,222,4777,2808,2191,4980,19,4084,915,4639,360,116,4883,22,22,0,12,12,22,0,25.0,336.319948,29.3159,"[{""reason"": ""volatility_too_low"", ""count"": 4754}, {""reason"": ""cooldown_after_loss"", ""count"": 2466}, {""reason"": ""block_after_consecutive_losses"", ""count"": 2458}, {""reason"": ""score_too_low"", ""count"": 102}, {""reason"": ""weak_internal_scores"", ""count"": 89}, {""reason"": ""insufficient_history"", ""count"": 19}, {""reason"": ""regime_chop"", ""count"": 18}, {""reason"": ""ema_distance_too_far"", ""count"": 18}, {""reason"": ""waiting_confirmation"", ""count"": 15}, {""reason"": ""rsi_extreme_block"", ""count"": 12}]","[{""reason"": ""score_threshold"", ""count"": 4883}, {""reason"": ""volatility_filter"", ""count"": 4777}, {""reason"": ""trend_filter"", ""count"": 2191}, {""reason"": ""regime_filter"", ""count"": 1491}, {""reason"": ""rsi_filter"", ""count"": 915}, {""reason"": ""ema_filter"", ""count"": 360}, {""reason"": ""spread_filter"", ""count"": 19}, {""reason"": ""pullback_filter"", ""count"": 19}]"
M30,quality_v3_conservative,5000,4999,3508,1491,4980,19,458,4541,2808,2191,4980,19,4084,915,4639,360,116,4883,22,22,0,12,12,22,0,25.0,336.319948,28.8438,"[{""reason"": ""volatility_too_low"", ""count"": 4521}, {""reason"": ""cooldown_after_loss"", ""count"": 2466}, {""reason"": ""block_after_consecutive_losses"", ""count"": 2458}, {""reason"": ""score_too_low"", ""count"": 198}, {""reason"": ""weak_internal_scores"", ""count"": 165}, {""reason"": ""regime_chop"", ""count"": 54}, {""reason"": ""ema_distance_too_far"", ""count"": 32}, {""reason"": ""insufficient_history"", ""count"": 19}, {""reason"": ""waiting_confirmation"", ""count"": 17}, {""reason"": ""rsi_extreme_block"", ""count"": 16}]","[{""reason"": ""score_threshold"", ""count"": 4883}, {""reason"": ""volatility_filter"", ""count"": 4541}, {""reason"": ""trend_filter"", ""count"": 2191}, {""reason"": ""regime_filter"", ""count"": 1491}, {""reason"": ""rsi_filter"", ""count"": 915}, {""reason"": ""ema_filter"", ""count"": 360}, {""reason"": ""spread_filter"", ""count"": 19}, {""reason"": ""pullback_filter"", ""count"": 19}]"
H1,rsi_reversal_v2_confirmed,5000,4999,4123,876,4980,19,1527,3472,3838,1161,4980,19,3466,1533,4609,390,259,4740,90,90,0,11,11,90,0,25.0,553.729295,24.4249,"[{""reason"": ""recent_edge_negative"", ""count"": 3911}, {""reason"": ""volatility_too_low"", ""count"": 3823}, {""reason"": ""weak_internal_scores"", ""count"": 991}, {""reason"": ""score_too_low"", ""count"": 649}, {""reason"": ""rsi_extreme_block"", ""count"": 124}, {""reason"": ""regime_chop"", ""count"": 111}, {""reason"": ""waiting_confirmation"", ""count"": 108}, {""reason"": ""ema_distance_too_far"", ""count"": 106}, {""reason"": ""extended_candle_no_chase"", ""count"": 22}, {""reason"": ""insufficient_history"", ""count"": 19}]","[{""reason"": ""score_threshold"", ""count"": 4740}, {""reason"": ""volatility_filter"", ""count"": 3472}, {""reason"": ""rsi_filter"", ""count"": 1533}, {""reason"": ""trend_filter"", ""count"": 1161}, {""reason"": ""regime_filter"", ""count"": 876}, {""reason"": ""ema_filter"", ""count"": 390}, {""reason"": ""spread_filter"", ""count"": 19}, {""reason"": ""pullback_filter"", ""count"": 19}]"
H1,trend_v3_pullback_confirmed,5000,4999,4123,876,4980,19,1636,3363,4704,295,4980,19,4072,927,4609,390,224,4775,85,85,0,11,11,85,0,25.0,553.729295,21.3323,"[{""reason"": ""recent_edge_negative"", ""count"": 3911}, {""reason"": ""volatility_too_low"", ""count"": 3695}, {""reason"": ""weak_internal_scores"", ""count"": 1100}, {""reason"": ""score_too_low"", ""count"": 736}, {""reason"": ""regime_chop"", ""count"": 115}, {""reason"": ""ema_distance_too_far"", ""count"": 114}, {""reason"": ""waiting_confirmation"", ""count"": 85}, {""reason"": ""rsi_extreme_block"", ""count"": 70}, {""reason"": ""extended_candle_no_chase"", ""count"": 24}, {""reason"": ""insufficient_history"", ""count"": 19}]","[{""reason"": ""score_threshold"", ""count"": 4775}, {""reason"": ""volatility_filter"", ""count"": 3363}, {""reason"": ""rsi_filter"", ""count"": 927}, {""reason"": ""regime_filter"", ""count"": 876}, {""reason"": ""ema_filter"", ""count"": 390}, {""reason"": ""trend_filter"", ""count"": 295}, {""reason"": ""spread_filter"", ""count"": 19}, {""reason"": ""pullback_filter"", ""count"": 19}]"
M30,momentum_v2_filtered,5000,4999,3508,1491,4980,19,403,4596,1659,3340,4980,19,4294,705,4639,360,175,4824,24,24,0,10,10,24,0,25.0,336.319948,30.7141,"[{""reason"": ""volatility_too_low"", ""count"": 4571}, {""reason"": ""cooldown_after_loss"", ""count"": 2474}, {""reason"": ""block_after_consecutive_losses"", ""count"": 2467}, {""reason"": ""score_too_low"", ""count"": 147}, {""reason"": ""weak_internal_scores"", ""count"": 143}, {""reason"": ""regime_chop"", ""count"": 52}, {""reason"": ""ema_distance_too_far"", ""count"": 32}, {""reason"": ""waiting_confirmation"", ""count"": 25}, {""reason"": ""insufficient_history"", ""count"": 19}, {""reason"": ""rsi_extreme_block"", ""count"": 17}]","[{""reason"": ""score_threshold"", ""count"": 4824}, {""reason"": ""volatility_filter"", ""count"": 4596}, {""reason"": ""trend_filter"", ""count"": 3340}, {""reason"": ""regime_filter"", ""count"": 1491}, {""reason"": ""rsi_filter"", ""count"": 705}, {""reason"": ""ema_filter"", ""count"": 360}, {""reason"": ""spread_filter"", ""count"": 19}, {""reason"": ""pullback_filter"", ""count"": 19}]"
M30,quality_v4_strict_rr,5000,4999,3508,1491,4980,19,309,4690,2430,2569,4980,19,3849,1150,4639,360,72,4927,19,19,0,10,10,19,0,25.0,336.319948,31.4561,"[{""reason"": ""volatility_too_low"", ""count"": 4671}, {""reason"": ""cooldown_after_loss"", ""count"": 2466}, {""reason"": ""block_after_consecutive_losses"", ""count"": 2458}, {""reason"": ""score_too_low"", ""count"": 142}, {""reason"": ""weak_internal_scores"", ""count"": 116}, {""reason"": ""regime_chop"", ""count"": 34}, {""reason"": ""ema_distance_too_far"", ""count"": 24}, {""reason"": ""insufficient_history"", ""count"": 19}, {""reason"": ""rsi_extreme_block"", ""count"": 17}, {""reason"": ""waiting_confirmation"", ""count"": 10}]","[{""reason"": ""score_threshold"", ""count"": 4927}, {""reason"": ""volatility_filter"", ""count"": 4690}, {""reason"": ""trend_filter"", ""count"": 2569}, {""reason"": ""regime_filter"", ""count"": 1491}, {""reason"": ""rsi_filter"", ""count"": 1150}, {""reason"": ""ema_filter"", ""count"": 360}, {""reason"": ""spread_filter"", ""count"": 19}, {""reason"": ""pullback_filter"", ""count"": 19}]"
M30,low_drawdown_v1,5000,4999,3508,1491,4980,19,403,4596,2430,2569,4980,19,3849,1150,4639,360,72,4927,19,19,0,10,10,19,0,25.0,336.319948,31.2681,"[{""reason"": ""volatility_too_low"", ""count"": 4577}, {""reason"": ""cooldown_after_loss"", ""count"": 2466}, {""reason"": ""block_after_consecutive_losses"", ""count"": 2458}, {""reason"": ""score_too_low"", ""count"": 178}, {""reason"": ""weak_internal_scores"", ""count"": 147}, {""reason"": ""regime_chop"", ""count"": 49}, {""reason"": ""ema_distance_too_far"", ""count"": 31}, {""reason"": ""insufficient_history"", ""count"": 19}, {""reason"": ""rsi_extreme_block"", ""count"": 17}, {""reason"": ""waiting_confirmation"", ""count"": 12}]","[{""reason"": ""score_threshold"", ""count"": 4927}, {""reason"": ""volatility_filter"", ""count"": 4596}, {""reason"": ""trend_filter"", ""count"": 2569}, {""reason"": ""regime_filter"", ""count"": 1491}, {""reason"": ""rsi_filter"", ""count"": 1150}, {""reason"": ""ema_filter"", ""count"": 360}, {""reason"": ""spread_filter"", ""count"": 19}, {""reason"": ""pullback_filter"", ""count"": 19}]"
M30,atr_trailing_v1,5000,4999,3508,1491,4980,19,826,4173,3530,1469,3444,1555,4294,705,4381,618,562,4437,95,95,0,9,9,95,0,25.0,336.319948,29.9398,"[{""reason"": ""volatility_too_low"", ""count"": 4173}, {""reason"": ""cooldown_after_loss"", ""count"": 2464}, {""reason"": ""block_after_consecutive_losses"", ""count"": 2458}, {""reason"": ""trend_continuation_not_confirmed"", ""count"": 500}, {""reason"": ""ema_distance_too_far"", ""count"": 126}, {""reason"": ""regime_chop"", ""count"": 125}, {""reason"": ""insufficient_history"", ""count"": 19}, {""reason"": ""extended_candle_no_chase"", ""count"": 15}]","[{""reason"": ""score_threshold"", ""count"": 4437}, {""reason"": ""volatility_filter"", ""count"": 4173}, {""reason"": ""pullback_filter"", ""count"": 1555}, {""reason"": ""regime_filter"", ""count"": 1491}, {""reason"": ""trend_filter"", ""count"": 1469}, {""reason"": ""rsi_filter"", ""count"": 705}, {""reason"": ""ema_filter"", ""count"": 618}, {""reason"": ""spread_filter"", ""count"": 19}]"
M30,momentum_v3_no_chase,5000,4999,3508,1491,4980,19,309,4690,1302,3697,4980,19,3849,1150,4639,360,72,4927,14,14,0,9,9,14,0,25.0,336.319948,39.7125,"[{""reason"": ""volatility_too_low"", ""count"": 4671}, {""reason"": ""cooldown_after_loss"", ""count"": 2466}, {""reason"": ""block_after_consecutive_losses"", ""count"": 2458}, {""reason"": ""score_too_low"", ""count"": 142}, {""reason"": ""weak_internal_scores"", ""count"": 118}, {""reason"": ""regime_chop"", ""count"": 37}, {""reason"": ""ema_distance_too_far"", ""count"": 25}, {""reason"": ""insufficient_history"", ""count"": 19}, {""reason"": ""rsi_extreme_block"", ""count"": 18}, {""reason"": ""waiting_confirmation"", ""count"": 10}]","[{""reason"": ""score_threshold"", ""count"": 4927}, {""reason"": ""volatility_filter"", ""count"": 4690}, {""reason"": ""trend_filter"", ""count"": 3697}, {""reason"": ""regime_filter"", ""count"": 1491}, {""reason"": ""rsi_filter"", ""count"": 1150}, {""reason"": ""ema_filter"", ""count"": 360}, {""reason"": ""spread_filter"", ""count"": 19}, {""reason"": ""pullback_filter"", ""count"": 19}]"
M30,breakout_pullback_v3_balanced,5000,4999,3508,1491,4980,19,1662,3337,4980,19,907,4092,4450,549,4788,211,709,4290,23,23,0,7,7,23,0,25.0,336.319948,31.0216,"[{""reason"": ""volatility_too_low"", ""count"": 3937}, {""reason"": ""pullback_not_confirmed"", ""count"": 2022}, {""reason"": ""cooldown_after_loss"", ""count"": 1719}, {""reason"": ""block_after_consecutive_losses"", ""count"": 1714}, {""reason"": ""regime_chop"", ""count"": 381}, {""reason"": ""ema_distance_too_far"", ""count"": 123}, {""reason"": ""extended_candle_no_chase"", ""count"": 35}, {""reason"": ""insufficient_history"", ""count"": 19}]","[{""reason"": ""score_threshold"", ""count"": 4290}, {""reason"": ""pullback_filter"", ""count"": 4092}, {""reason"": ""volatility_filter"", ""count"": 3337}, {""reason"": ""regime_filter"", ""count"": 1491}, {""reason"": ""rsi_filter"", ""count"": 549}, {""reason"": ""ema_filter"", ""count"": 211}, {""reason"": ""spread_filter"", ""count"": 19}, {""reason"": ""trend_filter"", ""count"": 19}]"
M30,capital_preservation_v1,5000,4999,3508,1491,4980,19,309,4690,2086,2913,4980,19,3554,1445,4639,360,44,4955,6,6,0,7,7,6,0,25.0,336.319948,48.7904,"[{""reason"": ""volatility_too_low"", ""count"": 8206}, {""reason"": ""score_too_low"", ""count"": 818}, {""reason"": ""weak_internal_scores"", ""count"": 784}, {""reason"": ""rsi_extreme_block"", ""count"": 63}, {""reason"": ""regime_chop"", ""count"": 38}, {""reason"": ""ema_distance_too_far"", ""count"": 25}, {""reason"": ""insufficient_history"", ""count"": 19}, {""reason"": ""waiting_confirmation"", ""count"": 16}, {""reason"": ""cooldown_after_loss"", ""count"": 6}, {""reason"": ""extended_candle_no_chase"", ""count"": 3}]","[{""reason"": ""score_threshold"", ""count"": 4955}, {""reason"": ""volatility_filter"", ""count"": 4690}, {""reason"": ""trend_filter"", ""count"": 2913}, {""reason"": ""regime_filter"", ""count"": 1491}, {""reason"": ""rsi_filter"", ""count"": 1445}, {""reason"": ""ema_filter"", ""count"": 360}, {""reason"": ""spread_filter"", ""count"": 19}, {""reason"": ""pullback_filter"", ""count"": 19}]"
H1,atr_trailing_v1,5000,4999,4123,876,4980,19,2354,2645,3838,1161,3364,1635,4146,853,4321,678,757,4242,222,222,0,6,6,222,0,25.0,553.729295,28.2228,"[{""reason"": ""max_adverse_excursion_filter"", ""count"": 4268}, {""reason"": ""volatility_too_low"", ""count"": 2918}, {""reason"": ""trend_continuation_not_confirmed"", ""count"": 1902}, {""reason"": ""ema_distance_too_far"", ""count"": 359}, {""reason"": ""regime_chop"", ""count"": 226}, {""reason"": ""extended_candle_no_chase"", ""count"": 67}, {""reason"": ""insufficient_history"", ""count"": 19}, {""reason"": ""cooldown_after_loss"", ""count"": 4}]","[{""reason"": ""score_threshold"", ""count"": 4242}, {""reason"": ""volatility_filter"", ""count"": 2645}, {""reason"": ""pullback_filter"", ""count"": 1635}, {""reason"": ""trend_filter"", ""count"": 1161}, {""reason"": ""regime_filter"", ""count"": 876}, {""reason"": ""rsi_filter"", ""count"": 853}, {""reason"": ""ema_filter"", ""count"": 678}, {""reason"": ""spread_filter"", ""count"": 19}]"
H1,anti_chop_v2_safe,5000,4999,4123,876,4980,19,1636,3363,3838,1161,4980,19,4146,853,4609,390,320,4679,58,58,0,6,6,58,0,25.0,553.729295,26.7245,"[{""reason"": ""volatility_too_low"", ""count"": 3796}, {""reason"": ""cooldown_after_loss"", ""count"": 1836}, {""reason"": ""block_after_consecutive_losses"", ""count"": 1830}, {""reason"": ""weak_internal_scores"", ""count"": 1171}, {""reason"": ""score_too_low"", ""count"": 742}, {""reason"": ""waiting_confirmation"", ""count"": 146}, {""reason"": ""ema_distance_too_far"", ""count"": 130}, {""reason"": ""regime_chop"", ""count"": 115}, {""reason"": ""rsi_extreme_block"", ""count"": 95}, {""reason"": ""extended_candle_no_chase"", ""count"": 31}]","[{""reason"": ""score_threshold"", ""count"": 4679}, {""reason"": ""volatility_filter"", ""count"": 3363}, {""reason"": ""trend_filter"", ""count"": 1161}, {""reason"": ""regime_filter"", ""count"": 876}, {""reason"": ""rsi_filter"", ""count"": 853}, {""reason"": ""ema_filter"", ""count"": 390}, {""reason"": ""spread_filter"", ""count"": 19}, {""reason"": ""pullback_filter"", ""count"": 19}]"
H1,trend_v2_drawdown_guard,5000,4999,4123,876,4980,19,1768,3231,4724,275,4980,19,4335,664,4609,390,320,4679,58,58,0,6,6,58,0,25.0,553.729295,24.3101,"[{""reason"": ""volatility_too_low"", ""count"": 3654}, {""reason"": ""cooldown_after_loss"", ""count"": 1836}, {""reason"": ""block_after_consecutive_losses"", ""count"": 1830}, {""reason"": ""weak_internal_scores"", ""count"": 1229}, {""reason"": ""score_too_low"", ""count"": 806}, {""reason"": ""waiting_confirmation"", ""count"": 146}, {""reason"": ""ema_distance_too_far"", ""count"": 139}, {""reason"": ""regime_chop"", ""count"": 128}, {""reason"": ""rsi_extreme_block"", ""count"": 80}, {""reason"": ""extended_candle_no_chase"", ""count"": 36}]","[{""reason"": ""score_threshold"", ""count"": 4679}, {""reason"": ""volatility_filter"", ""count"": 3231}, {""reason"": ""regime_filter"", ""count"": 876}, {""reason"": ""rsi_filter"", ""count"": 664}, {""reason"": ""ema_filter"", ""count"": 390}, {""reason"": ""trend_filter"", ""count"": 275}, {""reason"": ""spread_filter"", ""count"": 19}, {""reason"": ""pullback_filter"", ""count"": 19}]"
H1,momentum_v2_filtered,5000,4999,4123,876,4980,19,1527,3472,2244,2755,4980,19,4146,853,4609,390,320,4679,56,56,0,6,6,56,0,25.0,553.729295,30.1312,"[{""reason"": ""volatility_too_low"", ""count"": 3936}, {""reason"": ""cooldown_after_loss"", ""count"": 1836}, {""reason"": ""block_after_consecutive_losses"", ""count"": 1830}, {""reason"": ""weak_internal_scores"", ""count"": 1120}, {""reason"": ""score_too_low"", ""count"": 679}, {""reason"": ""waiting_confirmation"", ""count"": 144}, {""reason"": ""ema_distance_too_far"", ""count"": 120}, {""reason"": ""regime_chop"", ""count"": 110}, {""reason"": ""rsi_extreme_block"", ""count"": 93}, {""reason"": ""extended_candle_no_chase"", ""count"": 28}]","[{""reason"": ""score_threshold"", ""count"": 4679}, {""reason"": ""volatility_filter"", ""count"": 3472}, {""reason"": ""trend_filter"", ""count"": 2755}, {""reason"": ""regime_filter"", ""count"": 876}, {""reason"": ""rsi_filter"", ""count"": 853}, {""reason"": ""ema_filter"", ""count"": 390}, {""reason"": ""spread_filter"", ""count"": 19}, {""reason"": ""pullback_filter"", ""count"": 19}]"
H1,anti_chop_v3_low_drawdown,5000,4999,4123,876,4980,19,1059,3940,3254,1745,4980,19,3968,1031,4609,390,224,4775,44,44,0,6,6,44,0,25.0,553.729295,29.5951,"[{""reason"": ""volatility_too_low"", ""count"": 4477}, {""reason"": ""cooldown_after_loss"", ""count"": 1836}, {""reason"": ""block_after_consecutive_losses"", ""count"": 1830}, {""reason"": ""weak_internal_scores"", ""count"": 907}, {""reason"": ""score_too_low"", ""count"": 511}, {""reason"": ""rsi_extreme_block"", ""count"": 90}, {""reason"": ""waiting_confirmation"", ""count"": 87}, {""reason"": ""ema_distance_too_far"", ""count"": 84}, {""reason"": ""regime_chop"", ""count"": 74}, {""reason"": ""insufficient_history"", ""count"": 19}]","[{""reason"": ""score_threshold"", ""count"": 4775}, {""reason"": ""volatility_filter"", ""count"": 3940}, {""reason"": ""trend_filter"", ""count"": 1745}, {""reason"": ""rsi_filter"", ""count"": 1031}, {""reason"": ""regime_filter"", ""count"": 876}, {""reason"": ""ema_filter"", ""count"": 390}, {""reason"": ""spread_filter"", ""count"": 19}, {""reason"": ""pullback_filter"", ""count"": 19}]"
H1,quality_v3_conservative,5000,4999,4123,876,4980,19,1636,3363,3254,1745,4980,19,3968,1031,4609,390,224,4775,44,44,0,6,6,44,0,25.0,553.729295,28.4409,"[{""reason"": ""volatility_too_low"", ""count"": 3803}, {""reason"": ""cooldown_after_loss"", ""count"": 1836}, {""reason"": ""block_after_consecutive_losses"", ""count"": 1830}, {""reason"": ""weak_internal_scores"", ""count"": 1167}, {""reason"": ""score_too_low"", ""count"": 807}, {""reason"": ""ema_distance_too_far"", ""count"": 130}, {""reason"": ""regime_chop"", ""count"": 116}, {""reason"": ""rsi_extreme_block"", ""count"": 98}, {""reason"": ""waiting_confirmation"", ""count"": 95}, {""reason"": ""extended_candle_no_chase"", ""count"": 31}]","[{""reason"": ""score_threshold"", ""count"": 4775}, {""reason"": ""volatility_filter"", ""count"": 3363}, {""reason"": ""trend_filter"", ""count"": 1745}, {""reason"": ""rsi_filter"", ""count"": 1031}, {""reason"": ""regime_filter"", ""count"": 876}, {""reason"": ""ema_filter"", ""count"": 390}, {""reason"": ""spread_filter"", ""count"": 19}, {""reason"": ""pullback_filter"", ""count"": 19}]"
M15,anti_chop_v4_balanced,5000,4999,2116,2883,4980,19,35,4964,4980,19,3429,1570,4527,472,4810,189,544,4455,12,12,0,6,6,12,0,25.0,191.431382,41.1478,"[{""reason"": ""volatility_too_low"", ""count"": 9905}, {""reason"": ""trend_continuation_not_confirmed"", ""count"": 26}, {""reason"": ""insufficient_history"", ""count"": 19}, {""reason"": ""regime_chop"", ""count"": 8}, {""reason"": ""ema_distance_too_far"", ""count"": 6}, {""reason"": ""cooldown_after_loss"", ""count"": 6}, {""reason"": ""extended_candle_no_chase"", ""count"": 2}]","[{""reason"": ""volatility_filter"", ""count"": 4964}, {""reason"": ""score_threshold"", ""count"": 4455}, {""reason"": ""regime_filter"", ""count"": 2883}, {""reason"": ""pullback_filter"", ""count"": 1570}, {""reason"": ""rsi_filter"", ""count"": 472}, {""reason"": ""ema_filter"", ""count"": 189}, {""reason"": ""spread_filter"", ""count"": 19}, {""reason"": ""trend_filter"", ""count"": 19}]"
M15,rsi_reversal_v2_confirmed,5000,4999,2116,2883,4980,19,4,4995,2630,2369,4980,19,3688,1311,4681,318,11,4988,6,6,0,6,6,6,0,25.0,191.431382,51.8108,"[{""reason"": ""volatility_too_low"", ""count"": 6540}, {""reason"": ""cooldown_after_loss"", ""count"": 1606}, {""reason"": ""block_after_consecutive_losses"", ""count"": 1600}, {""reason"": ""score_too_low"", ""count"": 124}, {""reason"": ""weak_internal_scores"", ""count"": 81}, {""reason"": ""insufficient_history"", ""count"": 19}, {""reason"": ""rsi_extreme_block"", ""count"": 3}, {""reason"": ""waiting_confirmation"", ""count"": 2}, {""reason"": ""ema_distance_too_far"", ""count"": 1}]","[{""reason"": ""volatility_filter"", ""count"": 4995}, {""reason"": ""score_threshold"", ""count"": 4988}, {""reason"": ""regime_filter"", ""count"": 2883}, {""reason"": ""trend_filter"", ""count"": 2369}, {""reason"": ""rsi_filter"", ""count"": 1311}, {""reason"": ""ema_filter"", ""count"": 318}, {""reason"": ""spread_filter"", ""count"": 19}, {""reason"": ""pullback_filter"", ""count"": 19}]"
H1,quality_v4_strict_rr,5000,4999,4123,876,4980,19,1288,3711,2905,2094,4980,19,3740,1259,4609,390,144,4855,29,29,0,5,5,29,0,25.0,553.729295,31.4513,"[{""reason"": ""volatility_too_low"", ""count"": 4533}, {""reason"": ""cooldown_after_loss"", ""count"": 1613}, {""reason"": ""block_after_consecutive_losses"", ""count"": 1607}, {""reason"": ""weak_internal_scores"", ""count"": 1046}, {""reason"": ""score_too_low"", ""count"": 755}, {""reason"": ""rsi_extreme_block"", ""count"": 112}, {""reason"": ""ema_distance_too_far"", ""count"": 103}, {""reason"": ""regime_chop"", ""count"": 88}, {""reason"": ""waiting_confirmation"", ""count"": 51}, {""reason"": ""extended_candle_no_chase"", ""count"": 25}]","[{""reason"": ""score_threshold"", ""count"": 4855}, {""reason"": ""volatility_filter"", ""count"": 3711}, {""reason"": ""trend_filter"", ""count"": 2094}, {""reason"": ""rsi_filter"", ""count"": 1259}, {""reason"": ""regime_filter"", ""count"": 876}, {""reason"": ""ema_filter"", ""count"": 390}, {""reason"": ""spread_filter"", ""count"": 19}, {""reason"": ""pullback_filter"", ""count"": 19}]"
H1,momentum_v3_no_chase,5000,4999,4123,876,4980,19,1288,3711,1936,3063,4980,19,3740,1259,4609,390,144,4855,29,29,0,5,5,29,0,25.0,553.729295,33.3897,"[{""reason"": ""volatility_too_low"", ""count"": 4533}, {""reason"": ""cooldown_after_loss"", ""count"": 1613}, {""reason"": ""block_after_consecutive_losses"", ""count"": 1607}, {""reason"": ""weak_internal_scores"", ""count"": 1046}, {""reason"": ""score_too_low"", ""count"": 755}, {""reason"": ""rsi_extreme_block"", ""count"": 112}, {""reason"": ""ema_distance_too_far"", ""count"": 103}, {""reason"": ""regime_chop"", ""count"": 88}, {""reason"": ""waiting_confirmation"", ""count"": 51}, {""reason"": ""extended_candle_no_chase"", ""count"": 25}]","[{""reason"": ""score_threshold"", ""count"": 4855}, {""reason"": ""volatility_filter"", ""count"": 3711}, {""reason"": ""trend_filter"", ""count"": 3063}, {""reason"": ""rsi_filter"", ""count"": 1259}, {""reason"": ""regime_filter"", ""count"": 876}, {""reason"": ""ema_filter"", ""count"": 390}, {""reason"": ""spread_filter"", ""count"": 19}, {""reason"": ""pullback_filter"", ""count"": 19}]"
H1,low_drawdown_v1,5000,4999,4123,876,4980,19,1527,3472,2905,2094,4980,19,3740,1259,4609,390,144,4855,29,29,0,5,5,29,0,25.0,553.729295,30.9732,"[{""reason"": ""volatility_too_low"", ""count"": 4240}, {""reason"": ""cooldown_after_loss"", ""count"": 1613}, {""reason"": ""block_after_consecutive_losses"", ""count"": 1607}, {""reason"": ""weak_internal_scores"", ""count"": 1157}, {""reason"": ""score_too_low"", ""count"": 886}, {""reason"": ""ema_distance_too_far"", ""count"": 120}, {""reason"": ""rsi_extreme_block"", ""count"": 114}, {""reason"": ""regime_chop"", ""count"": 113}, {""reason"": ""waiting_confirmation"", ""count"": 54}, {""reason"": ""extended_candle_no_chase"", ""count"": 29}]","[{""reason"": ""score_threshold"", ""count"": 4855}, {""reason"": ""volatility_filter"", ""count"": 3472}, {""reason"": ""trend_filter"", ""count"": 2094}, {""reason"": ""rsi_filter"", ""count"": 1259}, {""reason"": ""regime_filter"", ""count"": 876}, {""reason"": ""ema_filter"", ""count"": 390}, {""reason"": ""spread_filter"", ""count"": 19}, {""reason"": ""pullback_filter"", ""count"": 19}]"
M15,trend_continuation_v3_balanced,5000,4999,2116,2883,4980,19,102,4897,4980,19,3429,1570,4644,355,4854,145,682,4317,27,27,0,5,5,27,0,25.0,191.431382,33.4157,"[{""reason"": ""volatility_too_low"", ""count"": 5711}, {""reason"": ""cooldown_after_loss"", ""count"": 2064}, {""reason"": ""block_after_consecutive_losses"", ""count"": 2058}, {""reason"": ""trend_continuation_not_confirmed"", ""count"": 70}, {""reason"": ""regime_chop"", ""count"": 30}, {""reason"": ""insufficient_history"", ""count"": 19}, {""reason"": ""ema_distance_too_far"", ""count"": 5}, {""reason"": ""extended_candle_no_chase"", ""count"": 2}]","[{""reason"": ""volatility_filter"", ""count"": 4897}, {""reason"": ""score_threshold"", ""count"": 4317}, {""reason"": ""regime_filter"", ""count"": 2883}, {""reason"": ""pullback_filter"", ""count"": 1570}, {""reason"": ""rsi_filter"", ""count"": 355}, {""reason"": ""ema_filter"", ""count"": 145}, {""reason"": ""spread_filter"", ""count"": 19}, {""reason"": ""trend_filter"", ""count"": 19}]"
M30,breakout_pullback_v1,5000,4999,3508,1491,4980,19,826,4173,4980,19,907,4092,4294,705,4536,463,525,4474,6,6,0,5,5,6,0,25.0,336.319948,49.8782,"[{""reason"": ""volatility_too_low"", ""count"": 8326}, {""reason"": ""pullback_not_confirmed"", ""count"": 1195}, {""reason"": ""regime_chop"", ""count"": 242}, {""reason"": ""ema_distance_too_far"", ""count"": 164}, {""reason"": ""extended_candle_no_chase"", ""count"": 26}, {""reason"": ""insufficient_history"", ""count"": 19}, {""reason"": ""cooldown_after_loss"", ""count"": 2}]","[{""reason"": ""score_threshold"", ""count"": 4474}, {""reason"": ""volatility_filter"", ""count"": 4173}, {""reason"": ""pullback_filter"", ""count"": 4092}, {""reason"": ""regime_filter"", ""count"": 1491}, {""reason"": ""rsi_filter"", ""count"": 705}, {""reason"": ""ema_filter"", ""count"": 463}, {""reason"": ""spread_filter"", ""count"": 19}, {""reason"": ""trend_filter"", ""count"": 19}]"
H1,low_drawdown_v3_more_trades,5000,4999,4123,876,4980,19,2993,2006,4519,480,3364,1635,4072,927,4609,390,767,4232,287,287,0,4,4,287,0,25.0,553.729295,27.1342,"[{""reason"": ""ema_rsi_not_confirmed"", ""count"": 2375}, {""reason"": ""cooldown_after_loss"", ""count"": 2299}, {""reason"": ""block_after_consecutive_losses"", ""count"": 2294}, {""reason"": ""volatility_too_low"", ""count"": 2171}, {""reason"": ""regime_chop"", ""count"": 279}, {""reason"": ""ema_distance_too_far"", ""count"": 205}, {""reason"": ""extended_candle_no_chase"", ""count"": 60}, {""reason"": ""insufficient_history"", ""count"": 19}]","[{""reason"": ""score_threshold"", ""count"": 4232}, {""reason"": ""volatility_filter"", ""count"": 2006}, {""reason"": ""pullback_filter"", ""count"": 1635}, {""reason"": ""rsi_filter"", ""count"": 927}, {""reason"": ""regime_filter"", ""count"": 876}, {""reason"": ""trend_filter"", ""count"": 480}, {""reason"": ""ema_filter"", ""count"": 390}, {""reason"": ""spread_filter"", ""count"": 19}]"
H1,capital_preservation_v3_balanced,5000,4999,4123,876,4980,19,2699,2300,4040,959,3364,1635,3968,1031,4480,519,609,4390,213,213,0,4,4,213,0,25.0,553.729295,29.4627,"[{""reason"": ""volatility_too_low"", ""count"": 2531}, {""reason"": ""ema_rsi_not_confirmed"", ""count"": 2332}, {""reason"": ""cooldown_after_loss"", ""count"": 2143}, {""reason"": ""block_after_consecutive_losses"", ""count"": 2140}, {""reason"": ""ema_distance_too_far"", ""count"": 291}, {""reason"": ""regime_chop"", ""count"": 264}, {""reason"": ""extended_candle_no_chase"", ""count"": 57}, {""reason"": ""insufficient_history"", ""count"": 19}]","[{""reason"": ""score_threshold"", ""count"": 4390}, {""reason"": ""volatility_filter"", ""count"": 2300}, {""reason"": ""pullback_filter"", ""count"": 1635}, {""reason"": ""rsi_filter"", ""count"": 1031}, {""reason"": ""trend_filter"", ""count"": 959}, {""reason"": ""regime_filter"", ""count"": 876}, {""reason"": ""ema_filter"", ""count"": 519}, {""reason"": ""spread_filter"", ""count"": 19}]"
H1,ema_rsi_confirmed_v1,5000,4999,4123,876,4980,19,2699,2300,4980,19,3364,1635,3466,1533,3875,1124,609,4390,180,180,0,4,4,180,0,25.0,553.729295,29.7968,"[{""reason"": ""volatility_too_low"", ""count"": 2531}, {""reason"": ""cooldown_after_loss"", ""count"": 2138}, {""reason"": ""block_after_consecutive_losses"", ""count"": 2134}, {""reason"": ""ema_rsi_not_confirmed"", ""count"": 1981}, {""reason"": ""ema_distance_too_far"", ""count"": 639}, {""reason"": ""regime_chop"", ""count"": 264}, {""reason"": ""extended_candle_no_chase"", ""count"": 104}, {""reason"": ""insufficient_history"", ""count"": 19}]","[{""reason"": ""score_threshold"", ""count"": 4390}, {""reason"": ""volatility_filter"", ""count"": 2300}, {""reason"": ""pullback_filter"", ""count"": 1635}, {""reason"": ""rsi_filter"", ""count"": 1533}, {""reason"": ""ema_filter"", ""count"": 1124}, {""reason"": ""regime_filter"", ""count"": 876}, {""reason"": ""spread_filter"", ""count"": 19}, {""reason"": ""trend_filter"", ""count"": 19}]"
H1,liquidity_sweep_v2_confirmed,5000,4999,4980,19,4980,19,3583,1416,4980,19,642,4357,0,4999,4893,106,486,4513,170,170,0,4,4,88,82,25.0,553.729295,36.9022,"[{""reason"": ""liquidity_sweep_not_confirmed"", ""count"": 3407}, {""reason"": ""cooldown_after_loss"", ""count"": 2421}, {""reason"": ""block_after_consecutive_losses"", ""count"": 2417}, {""reason"": ""volatility_too_low"", ""count"": 1467}, {""reason"": ""ema_distance_too_far"", ""count"": 57}, {""reason"": ""extended_candle_no_chase"", ""count"": 32}, {""reason"": ""insufficient_history"", ""count"": 19}]","[{""reason"": ""rsi_filter"", ""count"": 4999}, {""reason"": ""score_threshold"", ""count"": 4513}, {""reason"": ""pullback_filter"", ""count"": 4357}, {""reason"": ""volatility_filter"", ""count"": 1416}, {""reason"": ""ema_filter"", ""count"": 106}, {""reason"": ""regime_filter"", ""count"": 19}, {""reason"": ""spread_filter"", ""count"": 19}, {""reason"": ""trend_filter"", ""count"": 19}]"
H1,volatility_squeeze_v1,5000,4999,4980,19,4980,19,4103,896,3838,1161,2401,2598,4251,748,4663,336,553,4446,21,21,0,4,4,21,0,25.0,553.729295,26.4501,"[{""reason"": ""squeeze_breakout_not_confirmed"", ""count"": 4485}, {""reason"": ""cooldown_after_loss"", ""count"": 2020}, {""reason"": ""block_after_consecutive_losses"", ""count"": 2016}, {""reason"": ""volatility_too_low"", ""count"": 1000}, {""reason"": ""ema_distance_too_far"", ""count"": 272}, {""reason"": ""extended_candle_no_chase"", ""count"": 157}, {""reason"": ""insufficient_history"", ""count"": 19}]","[{""reason"": ""score_threshold"", ""count"": 4446}, {""reason"": ""pullback_filter"", ""count"": 2598}, {""reason"": ""trend_filter"", ""count"": 1161}, {""reason"": ""volatility_filter"", ""count"": 896}, {""reason"": ""rsi_filter"", ""count"": 748}, {""reason"": ""ema_filter"", ""count"": 336}, {""reason"": ""regime_filter"", ""count"": 19}, {""reason"": ""spread_filter"", ""count"": 19}]"
M15,trend_continuation_v1,5000,4999,2116,2883,4980,19,35,4964,3975,1024,3429,1570,4527,472,4681,318,331,4668,10,10,0,4,4,10,0,25.0,191.431382,47.8424,"[{""reason"": ""volatility_too_low"", ""count"": 9906}, {""reason"": ""trend_continuation_not_confirmed"", ""count"": 30}, {""reason"": ""insufficient_history"", ""count"": 19}, {""reason"": ""ema_distance_too_far"", ""count"": 10}, {""reason"": ""regime_chop"", ""count"": 8}, {""reason"": ""cooldown_after_loss"", ""count"": 4}, {""reason"": ""extended_candle_no_chase"", ""count"": 2}]","[{""reason"": ""volatility_filter"", ""count"": 4964}, {""reason"": ""score_threshold"", ""count"": 4668}, {""reason"": ""regime_filter"", ""count"": 2883}, {""reason"": ""pullback_filter"", ""count"": 1570}, {""reason"": ""trend_filter"", ""count"": 1024}, {""reason"": ""rsi_filter"", ""count"": 472}, {""reason"": ""ema_filter"", ""count"": 318}, {""reason"": ""spread_filter"", ""count"": 19}]"
M15,low_drawdown_v3_more_trades,5000,4999,2116,2883,4980,19,66,4933,3975,1024,3429,1570,4282,717,4681,318,144,4855,6,6,0,4,4,6,0,25.0,191.431382,52.6445,"[{""reason"": ""volatility_too_low"", ""count"": 6658}, {""reason"": ""cooldown_after_loss"", ""count"": 1603}, {""reason"": ""block_after_consecutive_losses"", ""count"": 1597}, {""reason"": ""ema_rsi_not_confirmed"", ""count"": 72}, {""reason"": ""insufficient_history"", ""count"": 19}, {""reason"": ""regime_chop"", ""count"": 19}, {""reason"": ""ema_distance_too_far"", ""count"": 14}, {""reason"": ""extended_candle_no_chase"", ""count"": 2}]","[{""reason"": ""volatility_filter"", ""count"": 4933}, {""reason"": ""score_threshold"", ""count"": 4855}, {""reason"": ""regime_filter"", ""count"": 2883}, {""reason"": ""pullback_filter"", ""count"": 1570}, {""reason"": ""trend_filter"", ""count"": 1024}, {""reason"": ""rsi_filter"", ""count"": 717}, {""reason"": ""ema_filter"", ""count"": 318}, {""reason"": ""spread_filter"", ""count"": 19}]"
M15,trend_v3_pullback_confirmed,5000,4999,2116,2883,4980,19,7,4992,4937,62,4980,19,4282,717,4681,318,6,4993,5,5,0,4,4,5,0,25.0,191.431382,49.0116,"[{""reason"": ""volatility_too_low"", ""count"": 9600}, {""reason"": ""score_too_low"", ""count"": 200}, {""reason"": ""weak_internal_scores"", ""count"": 155}, {""reason"": ""insufficient_history"", ""count"": 19}, {""reason"": ""cooldown_after_loss"", ""count"": 4}, {""reason"": ""ema_distance_too_far"", ""count"": 2}, {""reason"": ""waiting_confirmation"", ""count"": 2}, {""reason"": ""rsi_extreme_block"", ""count"": 1}]","[{""reason"": ""score_threshold"", ""count"": 4993}, {""reason"": ""volatility_filter"", ""count"": 4992}, {""reason"": ""regime_filter"", ""count"": 2883}, {""reason"": ""rsi_filter"", ""count"": 717}, {""reason"": ""ema_filter"", ""count"": 318}, {""reason"": ""trend_filter"", ""count"": 62}, {""reason"": ""spread_filter"", ""count"": 19}, {""reason"": ""pullback_filter"", ""count"": 19}]"
H1,session_filtered_v1,5000,4999,4123,876,4980,19,2354,2645,4040,959,3364,1635,4146,853,4321,678,840,4159,97,97,0,3,3,97,0,25.0,553.729295,30.6527,"[{""reason"": ""session_filter"", ""count"": 2279}, {""reason"": ""cooldown_after_loss"", ""count"": 2135}, {""reason"": ""block_after_consecutive_losses"", ""count"": 2132}, {""reason"": ""volatility_too_low"", ""count"": 2049}, {""reason"": ""trend_continuation_not_confirmed"", ""count"": 913}, {""reason"": ""ema_distance_too_far"", ""count"": 207}, {""reason"": ""regime_chop"", ""count"": 109}, {""reason"": ""extended_candle_no_chase"", ""count"": 52}, {""reason"": ""insufficient_history"", ""count"": 19}]","[{""reason"": ""score_threshold"", ""count"": 4159}, {""reason"": ""volatility_filter"", ""count"": 2645}, {""reason"": ""pullback_filter"", ""count"": 1635}, {""reason"": ""trend_filter"", ""count"": 959}, {""reason"": ""regime_filter"", ""count"": 876}, {""reason"": ""rsi_filter"", ""count"": 853}, {""reason"": ""ema_filter"", ""count"": 678}, {""reason"": ""spread_filter"", ""count"": 19}]"
H1,capital_preservation_v1,5000,4999,4123,876,4980,19,1288,3711,2609,2390,4980,19,3466,1533,4609,390,95,4904,17,17,0,3,3,17,0,25.0,553.729295,37.6895,"[{""reason"": ""volatility_too_low"", ""count"": 4880}, {""reason"": ""weak_internal_scores"", ""count"": 1267}, {""reason"": ""cooldown_after_loss"", ""count"": 1237}, {""reason"": ""block_after_consecutive_losses"", ""count"": 1233}, {""reason"": ""score_too_low"", ""count"": 970}, {""reason"": ""rsi_extreme_block"", ""count"": 133}, {""reason"": ""ema_distance_too_far"", ""count"": 103}, {""reason"": ""regime_chop"", ""count"": 90}, {""reason"": ""extended_candle_no_chase"", ""count"": 26}, {""reason"": ""insufficient_history"", ""count"": 19}]","[{""reason"": ""score_threshold"", ""count"": 4904}, {""reason"": ""volatility_filter"", ""count"": 3711}, {""reason"": ""trend_filter"", ""count"": 2390}, {""reason"": ""rsi_filter"", ""count"": 1533}, {""reason"": ""regime_filter"", ""count"": 876}, {""reason"": ""ema_filter"", ""count"": 390}, {""reason"": ""spread_filter"", ""count"": 19}, {""reason"": ""pullback_filter"", ""count"": 19}]"
M15,liquidity_sweep_v2_confirmed,5000,4999,4980,19,4980,19,181,4818,4980,19,663,4336,0,4999,4913,86,16,4983,13,13,0,3,3,4,9,25.0,191.431382,52.5657,"[{""reason"": ""volatility_too_low"", ""count"": 5612}, {""reason"": ""cooldown_after_loss"", ""count"": 2068}, {""reason"": ""block_after_consecutive_losses"", ""count"": 2064}, {""reason"": ""liquidity_sweep_not_confirmed"", ""count"": 213}, {""reason"": ""insufficient_history"", ""count"": 19}, {""reason"": ""ema_distance_too_far"", ""count"": 3}]","[{""reason"": ""rsi_filter"", ""count"": 4999}, {""reason"": ""score_threshold"", ""count"": 4983}, {""reason"": ""volatility_filter"", ""count"": 4818}, {""reason"": ""pullback_filter"", ""count"": 4336}, {""reason"": ""ema_filter"", ""count"": 86}, {""reason"": ""regime_filter"", ""count"": 19}, {""reason"": ""spread_filter"", ""count"": 19}, {""reason"": ""trend_filter"", ""count"": 19}]"
M15,anti_chop_v2_safe,5000,4999,2116,2883,4980,19,7,4992,2630,2369,4980,19,4379,620,4681,318,18,4981,3,3,0,3,3,3,0,25.0,191.431382,56.4085,"[{""reason"": ""volatility_too_low"", ""count"": 5865}, {""reason"": ""cooldown_after_loss"", ""count"": 1985}, {""reason"": ""block_after_consecutive_losses"", ""count"": 1982}, {""reason"": ""score_too_low"", ""count"": 70}, {""reason"": ""weak_internal_scores"", ""count"": 53}, {""reason"": ""insufficient_history"", ""count"": 19}, {""reason"": ""rsi_extreme_block"", ""count"": 6}, {""reason"": ""waiting_confirmation"", ""count"": 4}, {""reason"": ""ema_distance_too_far"", ""count"": 2}]","[{""reason"": ""volatility_filter"", ""count"": 4992}, {""reason"": ""score_threshold"", ""count"": 4981}, {""reason"": ""regime_filter"", ""count"": 2883}, {""reason"": ""trend_filter"", ""count"": 2369}, {""reason"": ""rsi_filter"", ""count"": 620}, {""reason"": ""ema_filter"", ""count"": 318}, {""reason"": ""spread_filter"", ""count"": 19}, {""reason"": ""pullback_filter"", ""count"": 19}]"
M15,trend_v2_drawdown_guard,5000,4999,2116,2883,4980,19,9,4990,4945,54,4980,19,4527,472,4681,318,18,4981,3,3,0,3,3,3,0,25.0,191.431382,51.4775,"[{""reason"": ""volatility_too_low"", ""count"": 5848}, {""reason"": ""cooldown_after_loss"", ""count"": 1985}, {""reason"": ""block_after_consecutive_losses"", ""count"": 1982}, {""reason"": ""score_too_low"", ""count"": 81}, {""reason"": ""weak_internal_scores"", ""count"": 60}, {""reason"": ""insufficient_history"", ""count"": 19}, {""reason"": ""rsi_extreme_block"", ""count"": 5}, {""reason"": ""waiting_confirmation"", ""count"": 4}, {""reason"": ""ema_distance_too_far"", ""count"": 2}]","[{""reason"": ""volatility_filter"", ""count"": 4990}, {""reason"": ""score_threshold"", ""count"": 4981}, {""reason"": ""regime_filter"", ""count"": 2883}, {""reason"": ""rsi_filter"", ""count"": 472}, {""reason"": ""ema_filter"", ""count"": 318}, {""reason"": ""trend_filter"", ""count"": 54}, {""reason"": ""spread_filter"", ""count"": 19}, {""reason"": ""pullback_filter"", ""count"": 19}]"
M15,momentum_v2_filtered,5000,4999,2116,2883,4980,19,4,4995,650,4349,4980,19,4379,620,4681,318,18,4981,3,3,0,3,3,3,0,25.0,191.431382,60.3753,"[{""reason"": ""volatility_too_low"", ""count"": 5872}, {""reason"": ""cooldown_after_loss"", ""count"": 1985}, {""reason"": ""block_after_consecutive_losses"", ""count"": 1982}, {""reason"": ""score_too_low"", ""count"": 68}, {""reason"": ""weak_internal_scores"", ""count"": 49}, {""reason"": ""insufficient_history"", ""count"": 19}, {""reason"": ""rsi_extreme_block"", ""count"": 6}, {""reason"": ""waiting_confirmation"", ""count"": 4}, {""reason"": ""ema_distance_too_far"", ""count"": 1}]","[{""reason"": ""volatility_filter"", ""count"": 4995}, {""reason"": ""score_threshold"", ""count"": 4981}, {""reason"": ""trend_filter"", ""count"": 4349}, {""reason"": ""regime_filter"", ""count"": 2883}, {""reason"": ""rsi_filter"", ""count"": 620}, {""reason"": ""ema_filter"", ""count"": 318}, {""reason"": ""spread_filter"", ""count"": 19}, {""reason"": ""pullback_filter"", ""count"": 19}]"
M30,volatility_squeeze_v1,5000,4999,4980,19,4980,19,2835,2164,3530,1469,2398,2601,4384,615,4693,306,316,4683,3,3,0,3,3,3,0,25.0,336.319948,47.7568,"[{""reason"": ""squeeze_breakout_not_confirmed"", ""count"": 5176}, {""reason"": ""volatility_too_low"", ""count"": 4308}, {""reason"": ""ema_distance_too_far"", ""count"": 338}, {""reason"": ""extended_candle_no_chase"", ""count"": 146}, {""reason"": ""insufficient_history"", ""count"": 19}, {""reason"": ""cooldown_after_loss"", ""count"": 2}]","[{""reason"": ""score_threshold"", ""count"": 4683}, {""reason"": ""pullback_filter"", ""count"": 2601}, {""reason"": ""volatility_filter"", ""count"": 2164}, {""reason"": ""trend_filter"", ""count"": 1469}, {""reason"": ""rsi_filter"", ""count"": 615}, {""reason"": ""ema_filter"", ""count"": 306}, {""reason"": ""regime_filter"", ""count"": 19}, {""reason"": ""spread_filter"", ""count"": 19}]"
H1,trend_continuation_v3_balanced,5000,4999,4123,876,4980,19,3268,1731,4980,19,3364,1635,4499,500,4829,170,1255,3744,523,523,0,2,2,523,0,25.0,553.729295,25.3915,"[{""reason"": ""cooldown_after_loss"", ""count"": 2468}, {""reason"": ""block_after_consecutive_losses"", ""count"": 2465}, {""reason"": ""trend_continuation_not_confirmed"", ""count"": 2328}, {""reason"": ""volatility_too_low"", ""count"": 1772}, {""reason"": ""regime_chop"", ""count"": 299}, {""reason"": ""ema_distance_too_far"", ""count"": 91}, {""reason"": ""extended_candle_no_chase"", ""count"": 30}, {""reason"": ""insufficient_history"", ""count"": 19}]","[{""reason"": ""score_threshold"", ""count"": 3744}, {""reason"": ""volatility_filter"", ""count"": 1731}, {""reason"": ""pullback_filter"", ""count"": 1635}, {""reason"": ""regime_filter"", ""count"": 876}, {""reason"": ""rsi_filter"", ""count"": 500}, {""reason"": ""ema_filter"", ""count"": 170}, {""reason"": ""spread_filter"", ""count"": 19}, {""reason"": ""trend_filter"", ""count"": 19}]"
H1,trend_continuation_v1,5000,4999,4123,876,4980,19,2699,2300,4519,480,3364,1635,4335,664,4609,390,946,4053,327,327,0,2,2,327,0,25.0,553.729295,28.8382,"[{""reason"": ""volatility_too_low"", ""count"": 2484}, {""reason"": ""cooldown_after_loss"", ""count"": 2301}, {""reason"": ""block_after_consecutive_losses"", ""count"": 2297}, {""reason"": ""trend_continuation_not_confirmed"", ""count"": 2076}, {""reason"": ""regime_chop"", ""count"": 250}, {""reason"": ""ema_distance_too_far"", ""count"": 184}, {""reason"": ""extended_candle_no_chase"", ""count"": 53}, {""reason"": ""insufficient_history"", ""count"": 19}]","[{""reason"": ""score_threshold"", ""count"": 4053}, {""reason"": ""volatility_filter"", ""count"": 2300}, {""reason"": ""pullback_filter"", ""count"": 1635}, {""reason"": ""regime_filter"", ""count"": 876}, {""reason"": ""rsi_filter"", ""count"": 664}, {""reason"": ""trend_filter"", ""count"": 480}, {""reason"": ""ema_filter"", ""count"": 390}, {""reason"": ""spread_filter"", ""count"": 19}]"
H1,breakout_pullback_v3_balanced,5000,4999,4123,876,4980,19,3268,1731,4980,19,880,4119,4335,664,4783,216,955,4044,55,55,0,2,2,54,1,25.0,553.729295,31.3807,"[{""reason"": ""pullback_not_confirmed"", ""count"": 3245}, {""reason"": ""cooldown_after_loss"", ""count"": 2138}, {""reason"": ""block_after_consecutive_losses"", ""count"": 2134}, {""reason"": ""volatility_too_low"", ""count"": 1914}, {""reason"": ""regime_chop"", ""count"": 323}, {""reason"": ""ema_distance_too_far"", ""count"": 126}, {""reason"": ""extended_candle_no_chase"", ""count"": 40}, {""reason"": ""insufficient_history"", ""count"": 19}]","[{""reason"": ""pullback_filter"", ""count"": 4119}, {""reason"": ""score_threshold"", ""count"": 4044}, {""reason"": ""volatility_filter"", ""count"": 1731}, {""reason"": ""regime_filter"", ""count"": 876}, {""reason"": ""rsi_filter"", ""count"": 664}, {""reason"": ""ema_filter"", ""count"": 216}, {""reason"": ""spread_filter"", ""count"": 19}, {""reason"": ""trend_filter"", ""count"": 19}]"
H1,breakout_pullback_v1,5000,4999,4123,876,4980,19,2354,2645,4980,19,880,4119,4146,853,4480,519,767,4232,31,31,0,2,2,30,1,25.0,553.729295,34.5693,"[{""reason"": ""volatility_too_low"", ""count"": 2919}, {""reason"": ""pullback_not_confirmed"", ""count"": 2212}, {""reason"": ""cooldown_after_loss"", ""count"": 2138}, {""reason"": ""block_after_consecutive_losses"", ""count"": 2134}, {""reason"": ""ema_distance_too_far"", ""count"": 256}, {""reason"": ""regime_chop"", ""count"": 226}, {""reason"": ""extended_candle_no_chase"", ""count"": 59}, {""reason"": ""insufficient_history"", ""count"": 19}]","[{""reason"": ""score_threshold"", ""count"": 4232}, {""reason"": ""pullback_filter"", ""count"": 4119}, {""reason"": ""volatility_filter"", ""count"": 2645}, {""reason"": ""regime_filter"", ""count"": 876}, {""reason"": ""rsi_filter"", ""count"": 853}, {""reason"": ""ema_filter"", ""count"": 519}, {""reason"": ""spread_filter"", ""count"": 19}, {""reason"": ""trend_filter"", ""count"": 19}]"
M15,breakout_pullback_v3_balanced,5000,4999,2116,2883,4980,19,102,4897,4980,19,890,4109,4527,472,4810,189,252,4747,3,3,0,2,2,3,0,25.0,191.431382,59.6769,"[{""reason"": ""volatility_too_low"", ""count"": 9771}, {""reason"": ""pullback_not_confirmed"", ""count"": 143}, {""reason"": ""regime_chop"", ""count"": 38}, {""reason"": ""insufficient_history"", ""count"": 19}, {""reason"": ""ema_distance_too_far"", ""count"": 12}, {""reason"": ""extended_candle_no_chase"", ""count"": 2}, {""reason"": ""cooldown_after_loss"", ""count"": 2}]","[{""reason"": ""volatility_filter"", ""count"": 4897}, {""reason"": ""score_threshold"", ""count"": 4747}, {""reason"": ""pullback_filter"", ""count"": 4109}, {""reason"": ""regime_filter"", ""count"": 2883}, {""reason"": ""rsi_filter"", ""count"": 472}, {""reason"": ""ema_filter"", ""count"": 189}, {""reason"": ""spread_filter"", ""count"": 19}, {""reason"": ""trend_filter"", ""count"": 19}]"
M15,capital_preservation_v3_balanced,5000,4999,2116,2883,4980,19,35,4964,3014,1985,3429,1570,4176,823,4577,422,100,4899,2,2,0,2,2,2,0,25.0,191.431382,61.137,"[{""reason"": ""volatility_too_low"", ""count"": 9905}, {""reason"": ""ema_rsi_not_confirmed"", ""count"": 38}, {""reason"": ""insufficient_history"", ""count"": 19}, {""reason"": ""ema_distance_too_far"", ""count"": 16}, {""reason"": ""regime_chop"", ""count"": 8}, {""reason"": ""extended_candle_no_chase"", ""count"": 2}, {""reason"": ""cooldown_after_loss"", ""count"": 2}]","[{""reason"": ""volatility_filter"", ""count"": 4964}, {""reason"": ""score_threshold"", ""count"": 4899}, {""reason"": ""regime_filter"", ""count"": 2883}, {""reason"": ""trend_filter"", ""count"": 1985}, {""reason"": ""pullback_filter"", ""count"": 1570}, {""reason"": ""rsi_filter"", ""count"": 823}, {""reason"": ""ema_filter"", ""count"": 422}, {""reason"": ""spread_filter"", ""count"": 19}]"
M15,volatility_squeeze_v1,5000,4999,4980,19,4980,19,579,4420,2630,2369,2360,2639,4464,535,4720,279,65,4934,1,1,0,1,1,1,0,25.0,191.431382,58.4341,"[{""reason"": ""volatility_too_low"", ""count"": 8820}, {""reason"": ""squeeze_breakout_not_confirmed"", ""count"": 1042}, {""reason"": ""ema_distance_too_far"", ""count"": 88}, {""reason"": ""extended_candle_no_chase"", ""count"": 26}, {""reason"": ""insufficient_history"", ""count"": 19}]","[{""reason"": ""score_threshold"", ""count"": 4934}, {""reason"": ""volatility_filter"", ""count"": 4420}, {""reason"": ""pullback_filter"", ""count"": 2639}, {""reason"": ""trend_filter"", ""count"": 2369}, {""reason"": ""rsi_filter"", ""count"": 535}, {""reason"": ""ema_filter"", ""count"": 279}, {""reason"": ""regime_filter"", ""count"": 19}, {""reason"": ""spread_filter"", ""count"": 19}]"
M15,session_filtered_v1,5000,4999,2116,2883,4980,19,24,4975,3014,1985,3429,1570,4379,620,4426,573,245,4754,1,1,0,1,1,1,0,25.0,191.431382,62.765,"[{""reason"": ""volatility_too_low"", ""count"": 7870}, {""reason"": ""session_filter"", ""count"": 2088}, {""reason"": ""insufficient_history"", ""count"": 19}, {""reason"": ""trend_continuation_not_confirmed"", ""count"": 10}, {""reason"": ""regime_chop"", ""count"": 4}, {""reason"": ""ema_distance_too_far"", ""count"": 2}, {""reason"": ""cooldown_after_loss"", ""count"": 2}]","[{""reason"": ""volatility_filter"", ""count"": 4975}, {""reason"": ""score_threshold"", ""count"": 4754}, {""reason"": ""regime_filter"", ""count"": 2883}, {""reason"": ""trend_filter"", ""count"": 1985}, {""reason"": ""pullback_filter"", ""count"": 1570}, {""reason"": ""rsi_filter"", ""count"": 620}, {""reason"": ""ema_filter"", ""count"": 573}, {""reason"": ""spread_filter"", ""count"": 19}]"
M15,ema_rsi_confirmed_v1,5000,4999,2116,2883,4980,19,35,4964,4980,19,3429,1570,3688,1311,3996,1003,100,4899,1,1,0,1,1,1,0,25.0,191.431382,61.3427,"[{""reason"": ""volatility_too_low"", ""count"": 9907}, {""reason"": ""ema_rsi_not_confirmed"", ""count"": 28}, {""reason"": ""ema_distance_too_far"", ""count"": 26}, {""reason"": ""insufficient_history"", ""count"": 19}, {""reason"": ""regime_chop"", ""count"": 8}, {""reason"": ""extended_candle_no_chase"", ""count"": 4}]","[{""reason"": ""volatility_filter"", ""count"": 4964}, {""reason"": ""score_threshold"", ""count"": 4899}, {""reason"": ""regime_filter"", ""count"": 2883}, {""reason"": ""pullback_filter"", ""count"": 1570}, {""reason"": ""rsi_filter"", ""count"": 1311}, {""reason"": ""ema_filter"", ""count"": 1003}, {""reason"": ""spread_filter"", ""count"": 19}, {""reason"": ""trend_filter"", ""count"": 19}]"
M15,atr_trailing_v1,5000,4999,2116,2883,4980,19,24,4975,2630,2369,3429,1570,4379,620,4426,573,181,4818,1,1,0,1,1,1,0,25.0,191.431382,63.6611,"[{""reason"": ""volatility_too_low"", ""count"": 9930}, {""reason"": ""trend_continuation_not_confirmed"", ""count"": 28}, {""reason"": ""insufficient_history"", ""count"": 19}, {""reason"": ""ema_distance_too_far"", ""count"": 10}, {""reason"": ""regime_chop"", ""count"": 4}, {""reason"": ""extended_candle_no_chase"", ""count"": 2}, {""reason"": ""cooldown_after_loss"", ""count"": 2}]","[{""reason"": ""volatility_filter"", ""count"": 4975}, {""reason"": ""score_threshold"", ""count"": 4818}, {""reason"": ""regime_filter"", ""count"": 2883}, {""reason"": ""trend_filter"", ""count"": 2369}, {""reason"": ""pullback_filter"", ""count"": 1570}, {""reason"": ""rsi_filter"", ""count"": 620}, {""reason"": ""ema_filter"", ""count"": 573}, {""reason"": ""spread_filter"", ""count"": 19}]"
M15,anti_chop_v3_low_drawdown,5000,4999,2116,2883,4980,19,0,4999,1704,3295,4980,19,4176,823,4681,318,6,4993,1,1,0,1,1,1,0,25.0,191.431382,62.7049,"[{""reason"": ""volatility_too_low"", ""count"": 9741}, {""reason"": ""score_too_low"", ""count"": 124}, {""reason"": ""weak_internal_scores"", ""count"": 99}, {""reason"": ""insufficient_history"", ""count"": 19}, {""reason"": ""rsi_extreme_block"", ""count"": 5}, {""reason"": ""waiting_confirmation"", ""count"": 4}, {""reason"": ""cooldown_after_loss"", ""count"": 2}]","[{""reason"": ""volatility_filter"", ""count"": 4999}, {""reason"": ""score_threshold"", ""count"": 4993}, {""reason"": ""trend_filter"", ""count"": 3295}, {""reason"": ""regime_filter"", ""count"": 2883}, {""reason"": ""rsi_filter"", ""count"": 823}, {""reason"": ""ema_filter"", ""count"": 318}, {""reason"": ""spread_filter"", ""count"": 19}, {""reason"": ""pullback_filter"", ""count"": 19}]"
M15,quality_v3_conservative,5000,4999,2116,2883,4980,19,7,4992,1704,3295,4980,19,4176,823,4681,318,6,4993,1,1,0,1,1,1,0,25.0,191.431382,62.6909,"[{""reason"": ""volatility_too_low"", ""count"": 9604}, {""reason"": ""score_too_low"", ""count"": 202}, {""reason"": ""weak_internal_scores"", ""count"": 156}, {""reason"": ""insufficient_history"", ""count"": 19}, {""reason"": ""rsi_extreme_block"", ""count"": 5}, {""reason"": ""waiting_confirmation"", ""count"": 4}, {""reason"": ""ema_distance_too_far"", ""count"": 2}, {""reason"": ""cooldown_after_loss"", ""count"": 2}]","[{""reason"": ""score_threshold"", ""count"": 4993}, {""reason"": ""volatility_filter"", ""count"": 4992}, {""reason"": ""trend_filter"", ""count"": 3295}, {""reason"": ""regime_filter"", ""count"": 2883}, {""reason"": ""rsi_filter"", ""count"": 823}, {""reason"": ""ema_filter"", ""count"": 318}, {""reason"": ""spread_filter"", ""count"": 19}, {""reason"": ""pullback_filter"", ""count"": 19}]"
M15,quality_v4_strict_rr,5000,4999,2116,2883,4980,19,0,4999,1278,3721,4980,19,3951,1048,4681,318,3,4996,1,1,0,1,1,1,0,25.0,191.431382,64.0132,"[{""reason"": ""volatility_too_low"", ""count"": 9686}, {""reason"": ""score_too_low"", ""count"": 168}, {""reason"": ""weak_internal_scores"", ""count"": 114}, {""reason"": ""insufficient_history"", ""count"": 19}, {""reason"": ""waiting_confirmation"", ""count"": 3}, {""reason"": ""cooldown_after_loss"", ""count"": 2}, {""reason"": ""rsi_extreme_block"", ""count"": 2}]","[{""reason"": ""volatility_filter"", ""count"": 4999}, {""reason"": ""score_threshold"", ""count"": 4996}, {""reason"": ""trend_filter"", ""count"": 3721}, {""reason"": ""regime_filter"", ""count"": 2883}, {""reason"": ""rsi_filter"", ""count"": 1048}, {""reason"": ""ema_filter"", ""count"": 318}, {""reason"": ""spread_filter"", ""count"": 19}, {""reason"": ""pullback_filter"", ""count"": 19}]"
M15,momentum_v3_no_chase,5000,4999,2116,2883,4980,19,0,4999,457,4542,4980,19,3951,1048,4681,318,3,4996,1,1,0,1,1,1,0,25.0,191.431382,65.6555,"[{""reason"": ""volatility_too_low"", ""count"": 9686}, {""reason"": ""score_too_low"", ""count"": 168}, {""reason"": ""weak_internal_scores"", ""count"": 114}, {""reason"": ""insufficient_history"", ""count"": 19}, {""reason"": ""waiting_confirmation"", ""count"": 3}, {""reason"": ""cooldown_after_loss"", ""count"": 2}, {""reason"": ""rsi_extreme_block"", ""count"": 2}]","[{""reason"": ""volatility_filter"", ""count"": 4999}, {""reason"": ""score_threshold"", ""count"": 4996}, {""reason"": ""trend_filter"", ""count"": 4542}, {""reason"": ""regime_filter"", ""count"": 2883}, {""reason"": ""rsi_filter"", ""count"": 1048}, {""reason"": ""ema_filter"", ""count"": 318}, {""reason"": ""spread_filter"", ""count"": 19}, {""reason"": ""pullback_filter"", ""count"": 19}]"
M15,low_drawdown_v1,5000,4999,2116,2883,4980,19,4,4995,1278,3721,4980,19,3951,1048,4681,318,3,4996,1,1,0,1,1,1,0,25.0,191.431382,64.0052,"[{""reason"": ""volatility_too_low"", ""count"": 9633}, {""reason"": ""score_too_low"", ""count"": 194}, {""reason"": ""weak_internal_scores"", ""count"": 140}, {""reason"": ""insufficient_history"", ""count"": 19}, {""reason"": ""waiting_confirmation"", ""count"": 3}, {""reason"": ""cooldown_after_loss"", ""count"": 2}, {""reason"": ""rsi_extreme_block"", ""count"": 2}, {""reason"": ""ema_distance_too_far"", ""count"": 1}]","[{""reason"": ""score_threshold"", ""count"": 4996}, {""reason"": ""volatility_filter"", ""count"": 4995}, {""reason"": ""trend_filter"", ""count"": 3721}, {""reason"": ""regime_filter"", ""count"": 2883}, {""reason"": ""rsi_filter"", ""count"": 1048}, {""reason"": ""ema_filter"", ""count"": 318}, {""reason"": ""spread_filter"", ""count"": 19}, {""reason"": ""pullback_filter"", ""count"": 19}]"
M15,breakout_pullback_v1,5000,4999,2116,2883,4980,19,24,4975,4980,19,890,4109,4379,620,4577,422,144,4855,0,0,0,0,0,0,0,25.0,191.431382,65.8112,"[{""reason"": ""volatility_too_low"", ""count"": 9930}, {""reason"": ""pullback_not_confirmed"", ""count"": 32}, {""reason"": ""insufficient_history"", ""count"": 19}, {""reason"": ""ema_distance_too_far"", ""count"": 10}, {""reason"": ""regime_chop"", ""count"": 4}, {""reason"": ""extended_candle_no_chase"", ""count"": 2}]","[{""reason"": ""volatility_filter"", ""count"": 4975}, {""reason"": ""score_threshold"", ""count"": 4855}, {""reason"": ""pullback_filter"", ""count"": 4109}, {""reason"": ""regime_filter"", ""count"": 2883}, {""reason"": ""rsi_filter"", ""count"": 620}, {""reason"": ""ema_filter"", ""count"": 422}, {""reason"": ""spread_filter"", ""count"": 19}, {""reason"": ""trend_filter"", ""count"": 19}]"
M15,breakout_pullback_v2_safe,5000,4999,2116,2883,0,4999,9,4990,2630,2369,890,4109,3951,1048,4238,761,48,4951,0,0,4998,0,0,0,0,25.0,191.431382,82.2304,"[{""reason"": ""risk_governor_spread_too_high"", ""count"": 4998}, {""reason"": ""spread_too_high"", ""count"": 4980}, {""reason"": ""insufficient_history"", ""count"": 19}]","[{""reason"": ""spread_filter"", ""count"": 4999}, {""reason"": ""volatility_filter"", ""count"": 4990}, {""reason"": ""score_threshold"", ""count"": 4951}, {""reason"": ""pullback_filter"", ""count"": 4109}, {""reason"": ""regime_filter"", ""count"": 2883}, {""reason"": ""trend_filter"", ""count"": 2369}, {""reason"": ""rsi_filter"", ""count"": 1048}, {""reason"": ""ema_filter"", ""count"": 761}]"
M15,trend_continuation_v2_low_drawdown,5000,4999,2116,2883,0,4999,15,4984,2270,2729,3429,1570,4176,823,4238,761,85,4914,0,0,4998,0,0,0,0,25.0,191.431382,77.3355,"[{""reason"": ""risk_governor_spread_too_high"", ""count"": 4998}, {""reason"": ""spread_too_high"", ""count"": 4980}, {""reason"": ""insufficient_history"", ""count"": 19}]","[{""reason"": ""spread_filter"", ""count"": 4999}, {""reason"": ""volatility_filter"", ""count"": 4984}, {""reason"": ""score_threshold"", ""count"": 4914}, {""reason"": ""regime_filter"", ""count"": 2883}, {""reason"": ""trend_filter"", ""count"": 2729}, {""reason"": ""pullback_filter"", ""count"": 1570}, {""reason"": ""rsi_filter"", ""count"": 823}, {""reason"": ""ema_filter"", ""count"": 761}]"
M15,mean_reversion_v1_safe,5000,4999,2864,2135,0,4999,102,4897,4980,19,3568,1431,0,4999,4810,189,16,4983,0,0,4998,0,0,0,0,25.0,191.431382,77.3135,"[{""reason"": ""risk_governor_spread_too_high"", ""count"": 4998}, {""reason"": ""spread_too_high"", ""count"": 4980}, {""reason"": ""insufficient_history"", ""count"": 19}]","[{""reason"": ""spread_filter"", ""count"": 4999}, {""reason"": ""rsi_filter"", ""count"": 4999}, {""reason"": ""score_threshold"", ""count"": 4983}, {""reason"": ""volatility_filter"", ""count"": 4897}, {""reason"": ""regime_filter"", ""count"": 2135}, {""reason"": ""pullback_filter"", ""count"": 1431}, {""reason"": ""ema_filter"", ""count"": 189}, {""reason"": ""trend_filter"", ""count"": 19}]"
M15,liquidity_sweep_reversal_v1,5000,4999,4980,19,0,4999,66,4933,4980,19,663,4336,0,4999,4854,145,10,4989,0,0,4998,0,0,0,0,25.0,191.431382,78.8878,"[{""reason"": ""risk_governor_spread_too_high"", ""count"": 4998}, {""reason"": ""spread_too_high"", ""count"": 4980}, {""reason"": ""insufficient_history"", ""count"": 19}]","[{""reason"": ""spread_filter"", ""count"": 4999}, {""reason"": ""rsi_filter"", ""count"": 4999}, {""reason"": ""score_threshold"", ""count"": 4989}, {""reason"": ""volatility_filter"", ""count"": 4933}, {""reason"": ""pullback_filter"", ""count"": 4336}, {""reason"": ""ema_filter"", ""count"": 145}, {""reason"": ""regime_filter"", ""count"": 19}, {""reason"": ""trend_filter"", ""count"": 19}]"
M15,capital_preservation_v1,5000,4999,2116,2883,4980,19,0,4999,985,4014,4980,19,3688,1311,4681,318,0,4999,0,0,0,0,0,0,0,25.0,191.431382,67.1314,"[{""reason"": ""volatility_too_low"", ""count"": 9687}, {""reason"": ""score_too_low"", ""count"": 173}, {""reason"": ""weak_internal_scores"", ""count"": 115}, {""reason"": ""insufficient_history"", ""count"": 19}, {""reason"": ""waiting_confirmation"", ""count"": 2}, {""reason"": ""rsi_extreme_block"", ""count"": 1}]","[{""reason"": ""volatility_filter"", ""count"": 4999}, {""reason"": ""score_threshold"", ""count"": 4999}, {""reason"": ""trend_filter"", ""count"": 4014}, {""reason"": ""regime_filter"", ""count"": 2883}, {""reason"": ""rsi_filter"", ""count"": 1311}, {""reason"": ""ema_filter"", ""count"": 318}, {""reason"": ""spread_filter"", ""count"": 19}, {""reason"": ""pullback_filter"", ""count"": 19}]"
M15,capital_preservation_v2,5000,4999,2116,2883,0,4999,0,4999,644,4355,4980,19,3412,1587,4681,318,0,4999,0,0,4998,0,0,0,0,25.0,191.431382,78.3277,"[{""reason"": ""risk_governor_spread_too_high"", ""count"": 4998}, {""reason"": ""spread_too_high"", ""count"": 4980}, {""reason"": ""insufficient_history"", ""count"": 19}]","[{""reason"": ""spread_filter"", ""count"": 4999}, {""reason"": ""volatility_filter"", ""count"": 4999}, {""reason"": ""score_threshold"", ""count"": 4999}, {""reason"": ""trend_filter"", ""count"": 4355}, {""reason"": ""regime_filter"", ""count"": 2883}, {""reason"": ""rsi_filter"", ""count"": 1587}, {""reason"": ""ema_filter"", ""count"": 318}, {""reason"": ""pullback_filter"", ""count"": 19}]"
M15,low_drawdown_v2,5000,4999,2116,2883,0,4999,0,4999,978,4021,4980,19,3688,1311,4681,318,0,4999,0,0,4998,0,0,0,0,25.0,191.431382,77.1074,"[{""reason"": ""risk_governor_spread_too_high"", ""count"": 4998}, {""reason"": ""spread_too_high"", ""count"": 4980}, {""reason"": ""insufficient_history"", ""count"": 19}]","[{""reason"": ""spread_filter"", ""count"": 4999}, {""reason"": ""volatility_filter"", ""count"": 4999}, {""reason"": ""score_threshold"", ""count"": 4999}, {""reason"": ""trend_filter"", ""count"": 4021}, {""reason"": ""regime_filter"", ""count"": 2883}, {""reason"": ""rsi_filter"", ""count"": 1311}, {""reason"": ""ema_filter"", ""count"": 318}, {""reason"": ""pullback_filter"", ""count"": 19}]"
M30,breakout_pullback_v2_safe,5000,4999,3508,1491,0,4999,501,4498,3530,1469,907,4092,3849,1150,4203,796,231,4768,0,0,4998,0,0,0,0,25.0,336.319948,76.5353,"[{""reason"": ""risk_governor_spread_too_high"", ""count"": 4998}, {""reason"": ""spread_too_high"", ""count"": 4980}, {""reason"": ""insufficient_history"", ""count"": 19}]","[{""reason"": ""spread_filter"", ""count"": 4999}, {""reason"": ""score_threshold"", ""count"": 4768}, {""reason"": ""volatility_filter"", ""count"": 4498}, {""reason"": ""pullback_filter"", ""count"": 4092}, {""reason"": ""regime_filter"", ""count"": 1491}, {""reason"": ""trend_filter"", ""count"": 1469}, {""reason"": ""rsi_filter"", ""count"": 1150}, {""reason"": ""ema_filter"", ""count"": 796}]"
M30,trend_continuation_v2_low_drawdown,5000,4999,3508,1491,0,4999,640,4359,3111,1888,3444,1555,4084,915,4203,796,314,4685,0,0,4998,0,0,0,0,25.0,336.319948,71.3843,"[{""reason"": ""risk_governor_spread_too_high"", ""count"": 4998}, {""reason"": ""spread_too_high"", ""count"": 4980}, {""reason"": ""insufficient_history"", ""count"": 19}]","[{""reason"": ""spread_filter"", ""count"": 4999}, {""reason"": ""score_threshold"", ""count"": 4685}, {""reason"": ""volatility_filter"", ""count"": 4359}, {""reason"": ""trend_filter"", ""count"": 1888}, {""reason"": ""pullback_filter"", ""count"": 1555}, {""reason"": ""regime_filter"", ""count"": 1491}, {""reason"": ""rsi_filter"", ""count"": 915}, {""reason"": ""ema_filter"", ""count"": 796}]"
M30,mean_reversion_v1_safe,5000,4999,1472,3527,0,4999,1662,3337,4980,19,3620,1379,0,4999,4788,211,215,4784,0,0,4998,0,0,0,0,25.0,336.319948,76.5193,"[{""reason"": ""risk_governor_spread_too_high"", ""count"": 4998}, {""reason"": ""spread_too_high"", ""count"": 4980}, {""reason"": ""insufficient_history"", ""count"": 19}]","[{""reason"": ""spread_filter"", ""count"": 4999}, {""reason"": ""rsi_filter"", ""count"": 4999}, {""reason"": ""score_threshold"", ""count"": 4784}, {""reason"": ""regime_filter"", ""count"": 3527}, {""reason"": ""volatility_filter"", ""count"": 3337}, {""reason"": ""pullback_filter"", ""count"": 1379}, {""reason"": ""ema_filter"", ""count"": 211}, {""reason"": ""trend_filter"", ""count"": 19}]"
M30,liquidity_sweep_reversal_v1,5000,4999,4980,19,0,4999,1360,3639,4980,19,621,4378,0,4999,4841,158,155,4844,0,0,4998,0,0,0,0,25.0,336.319948,76.1192,"[{""reason"": ""risk_governor_spread_too_high"", ""count"": 4998}, {""reason"": ""spread_too_high"", ""count"": 4980}, {""reason"": ""insufficient_history"", ""count"": 19}]","[{""reason"": ""spread_filter"", ""count"": 4999}, {""reason"": ""rsi_filter"", ""count"": 4999}, {""reason"": ""score_threshold"", ""count"": 4844}, {""reason"": ""pullback_filter"", ""count"": 4378}, {""reason"": ""volatility_filter"", ""count"": 3639}, {""reason"": ""ema_filter"", ""count"": 158}, {""reason"": ""regime_filter"", ""count"": 19}, {""reason"": ""trend_filter"", ""count"": 19}]"
M30,capital_preservation_v2,5000,4999,3508,1491,0,4999,222,4777,1564,3435,4980,19,3264,1735,4639,360,26,4973,0,0,4998,0,0,0,0,25.0,336.319948,73.5867,"[{""reason"": ""risk_governor_spread_too_high"", ""count"": 4998}, {""reason"": ""spread_too_high"", ""count"": 4980}, {""reason"": ""insufficient_history"", ""count"": 19}]","[{""reason"": ""spread_filter"", ""count"": 4999}, {""reason"": ""score_threshold"", ""count"": 4973}, {""reason"": ""volatility_filter"", ""count"": 4777}, {""reason"": ""trend_filter"", ""count"": 3435}, {""reason"": ""rsi_filter"", ""count"": 1735}, {""reason"": ""regime_filter"", ""count"": 1491}, {""reason"": ""ema_filter"", ""count"": 360}, {""reason"": ""pullback_filter"", ""count"": 19}]"
M30,low_drawdown_v2,5000,4999,3508,1491,0,4999,222,4777,1979,3020,4980,19,3554,1445,4639,360,33,4966,0,0,4998,0,0,0,0,25.0,336.319948,72.1624,"[{""reason"": ""risk_governor_spread_too_high"", ""count"": 4998}, {""reason"": ""spread_too_high"", ""count"": 4980}, {""reason"": ""insufficient_history"", ""count"": 19}]","[{""reason"": ""spread_filter"", ""count"": 4999}, {""reason"": ""score_threshold"", ""count"": 4966}, {""reason"": ""volatility_filter"", ""count"": 4777}, {""reason"": ""trend_filter"", ""count"": 3020}, {""reason"": ""regime_filter"", ""count"": 1491}, {""reason"": ""rsi_filter"", ""count"": 1445}, {""reason"": ""ema_filter"", ""count"": 360}, {""reason"": ""pullback_filter"", ""count"": 19}]"
H1,breakout_pullback_v2_safe,5000,4999,4123,876,0,4999,1768,3231,3838,1161,880,4119,3740,1259,4117,882,374,4625,0,0,4998,0,0,0,0,25.0,553.729295,72.3125,"[{""reason"": ""risk_governor_spread_too_high"", ""count"": 4998}, {""reason"": ""spread_too_high"", ""count"": 4980}, {""reason"": ""insufficient_history"", ""count"": 19}]","[{""reason"": ""spread_filter"", ""count"": 4999}, {""reason"": ""score_threshold"", ""count"": 4625}, {""reason"": ""pullback_filter"", ""count"": 4119}, {""reason"": ""volatility_filter"", ""count"": 3231}, {""reason"": ""rsi_filter"", ""count"": 1259}, {""reason"": ""trend_filter"", ""count"": 1161}, {""reason"": ""ema_filter"", ""count"": 882}, {""reason"": ""regime_filter"", ""count"": 876}]"
H1,trend_continuation_v2_low_drawdown,5000,4999,4123,876,0,4999,2025,2974,3434,1565,3364,1635,3968,1031,4117,882,477,4522,0,0,4998,0,0,0,0,25.0,553.729295,66.9754,"[{""reason"": ""risk_governor_spread_too_high"", ""count"": 4998}, {""reason"": ""spread_too_high"", ""count"": 4980}, {""reason"": ""insufficient_history"", ""count"": 19}]","[{""reason"": ""spread_filter"", ""count"": 4999}, {""reason"": ""score_threshold"", ""count"": 4522}, {""reason"": ""volatility_filter"", ""count"": 2974}, {""reason"": ""pullback_filter"", ""count"": 1635}, {""reason"": ""trend_filter"", ""count"": 1565}, {""reason"": ""rsi_filter"", ""count"": 1031}, {""reason"": ""ema_filter"", ""count"": 882}, {""reason"": ""regime_filter"", ""count"": 876}]"
H1,mean_reversion_v1_safe,5000,4999,857,4142,0,4999,3268,1731,4980,19,3598,1401,0,4999,4783,216,486,4513,0,0,4998,0,0,0,0,25.0,553.729295,74.0488,"[{""reason"": ""risk_governor_spread_too_high"", ""count"": 4998}, {""reason"": ""spread_too_high"", ""count"": 4980}, {""reason"": ""insufficient_history"", ""count"": 19}]","[{""reason"": ""spread_filter"", ""count"": 4999}, {""reason"": ""rsi_filter"", ""count"": 4999}, {""reason"": ""score_threshold"", ""count"": 4513}, {""reason"": ""regime_filter"", ""count"": 4142}, {""reason"": ""volatility_filter"", ""count"": 1731}, {""reason"": ""pullback_filter"", ""count"": 1401}, {""reason"": ""ema_filter"", ""count"": 216}, {""reason"": ""trend_filter"", ""count"": 19}]"
H1,liquidity_sweep_reversal_v1,5000,4999,4980,19,0,4999,2993,2006,4980,19,642,4357,0,4999,4829,170,353,4646,0,0,4998,0,0,0,0,25.0,553.729295,72.4385,"[{""reason"": ""risk_governor_spread_too_high"", ""count"": 4998}, {""reason"": ""spread_too_high"", ""count"": 4980}, {""reason"": ""insufficient_history"", ""count"": 19}]","[{""reason"": ""spread_filter"", ""count"": 4999}, {""reason"": ""rsi_filter"", ""count"": 4999}, {""reason"": ""score_threshold"", ""count"": 4646}, {""reason"": ""pullback_filter"", ""count"": 4357}, {""reason"": ""volatility_filter"", ""count"": 2006}, {""reason"": ""ema_filter"", ""count"": 170}, {""reason"": ""regime_filter"", ""count"": 19}, {""reason"": ""trend_filter"", ""count"": 19}]"
H1,capital_preservation_v2,5000,4999,4123,876,0,4999,1059,3940,2099,2900,4980,19,3122,1877,4609,390,41,4958,0,0,4998,0,0,0,0,25.0,553.729295,69.926,"[{""reason"": ""risk_governor_spread_too_high"", ""count"": 4998}, {""reason"": ""spread_too_high"", ""count"": 4980}, {""reason"": ""insufficient_history"", ""count"": 19}]","[{""reason"": ""spread_filter"", ""count"": 4999}, {""reason"": ""score_threshold"", ""count"": 4958}, {""reason"": ""volatility_filter"", ""count"": 3940}, {""reason"": ""trend_filter"", ""count"": 2900}, {""reason"": ""rsi_filter"", ""count"": 1877}, {""reason"": ""regime_filter"", ""count"": 876}, {""reason"": ""ema_filter"", ""count"": 390}, {""reason"": ""pullback_filter"", ""count"": 19}]"
H1,low_drawdown_v2,5000,4999,4123,876,0,4999,1059,3940,2457,2542,4980,19,3466,1533,4609,390,67,4932,0,0,4998,0,0,0,0,25.0,553.729295,68.4697,"[{""reason"": ""risk_governor_spread_too_high"", ""count"": 4998}, {""reason"": ""spread_too_high"", ""count"": 4980}, {""reason"": ""insufficient_history"", ""count"": 19}]","[{""reason"": ""spread_filter"", ""count"": 4999}, {""reason"": ""score_threshold"", ""count"": 4932}, {""reason"": ""volatility_filter"", ""count"": 3940}, {""reason"": ""trend_filter"", ""count"": 2542}, {""reason"": ""rsi_filter"", ""count"": 1533}, {""reason"": ""regime_filter"", ""count"": 876}, {""reason"": ""ema_filter"", ""count"": 390}, {""reason"": ""pullback_filter"", ""count"": 19}]"
