timeframe,profile,rr,time_stop_min,closed,wins,losses,win_rate,profit_factor,expectancy,max_drawdown,test_pf,test_expectancy,monte_carlo_risk_of_ruin,monte_carlo_drawdown_p95,institutional_score,recommendation,candidate,pass_fail_reasons,broker_touched,order_executed
M30,quality_v3_conservative,1.0,60.0,25,13,12,52.0,1.6991,0.1453,2030.14,27.73,0.0231,0.024,4347.9816,1421.6153,reject,False,sample_too_small,False,False
M30,quality_v3_conservative,1.5,60.0,23,11,12,47.83,1.7025,0.1423,2030.14,27.73,0.0231,0.019,4180.4759,1270.8233,reject,False,sample_too_small;monte_carlo_stressed_pf_below_1_05;monte_carlo_stressed_expectancy_negative,False,False
M30,quality_v3_conservative,1.2,60.0,24,12,12,50.0,1.5864,0.1274,2030.14,27.73,0.0231,0.027,4437.96523,1248.1912,reject,False,sample_too_small;monte_carlo_stressed_pf_below_1_05;monte_carlo_stressed_expectancy_negative,False,False
M15,anti_chop_v1,1.2,60.0,20,11,9,55.0,1.4792,0.0777,2268.1098,20.7811,0.2992,0.018,4342.29945,860.4576,reject,False,sample_too_small;monte_carlo_stressed_pf_below_1_05;monte_carlo_stressed_expectancy_negative,False,False
M15,anti_chop_v1,1.0,60.0,21,11,10,52.38,1.2672,0.0521,3184.0698,20.7811,0.2992,0.049,4985.3834,800.9701,reject,False,sample_too_small;first_half_pf_below_1;monte_carlo_stressed_pf_below_1_05;monte_carlo_stressed_expectancy_negative,False,False
M15,anti_chop_v1,1.5,60.0,20,10,10,50.0,1.1488,0.0297,3184.0698,20.7811,0.2992,0.056,5199.18965,752.7936,reject,False,sample_too_small;pf_below_1_20;first_half_pf_below_1;monte_carlo_risk_of_ruin_high;monte_carlo_drawdown_p95_above_limit;monte_carlo_stressed_pf_below_1_05;monte_carlo_stressed_expectancy_negative,False,False
M15,quality_strict,1.0,15.0,7,3,4,42.86,0.8955,-0.0211,741.04,18.1068,0.0911,0.0,2225.03,602.852,reject,False,sample_too_small;pf_below_1_20;expectancy_not_positive;win_rate_below_45;monte_carlo_stressed_pf_below_1_05;monte_carlo_stressed_expectancy_negative,False,False
M15,quality_strict,1.2,15.0,7,3,4,42.86,0.8955,-0.0211,741.04,18.1068,0.0911,0.0,2225.03,602.852,reject,False,sample_too_small;pf_below_1_20;expectancy_not_positive;win_rate_below_45;monte_carlo_stressed_pf_below_1_05;monte_carlo_stressed_expectancy_negative,False,False
M15,quality_strict,1.5,15.0,7,3,4,42.86,0.8955,-0.0211,741.04,18.1068,0.0911,0.0,2225.03,602.852,reject,False,sample_too_small;pf_below_1_20;expectancy_not_positive;win_rate_below_45;monte_carlo_stressed_pf_below_1_05;monte_carlo_stressed_expectancy_negative,False,False
M15,anti_chop_v1,1.2,15.0,30,15,15,50.0,1.2284,0.0314,2532.68,7.9802,0.0987,0.019,4383.34,167.1595,reject,False,sample_too_small;monte_carlo_stressed_pf_below_1_05;monte_carlo_stressed_expectancy_negative,False,False
M15,anti_chop_v1,1.5,15.0,30,15,15,50.0,1.2284,0.0314,2532.68,7.9802,0.0987,0.019,4383.34,167.1595,reject,False,sample_too_small;monte_carlo_stressed_pf_below_1_05;monte_carlo_stressed_expectancy_negative,False,False
M15,anti_chop_v1,1.0,15.0,30,15,15,50.0,1.1917,0.0263,2532.68,7.9802,0.0987,0.019,4383.34,158.9605,reject,False,sample_too_small;pf_below_1_20;monte_carlo_stressed_pf_below_1_05;monte_carlo_stressed_expectancy_negative,False,False
M15,anti_chop_v1,1.5,30.0,25,11,14,44.0,1.2103,0.0368,2764.32985,5.938,0.1554,0.063,5314.90585,52.1319,reject,False,sample_too_small;win_rate_below_45;monte_carlo_risk_of_ruin_high;monte_carlo_drawdown_p95_above_limit;monte_carlo_stressed_pf_below_1_05;monte_carlo_stressed_expectancy_negative,False,False
M15,rsi_reversal_v2_confirmed,1.2,60.0,5,3,2,60.0,1.4677,0.1066,1026.60615,0.0,0.0,0.0,2648.5323,48.3414,reject,False,sample_too_small,False,False
M15,anti_chop_v1,1.2,30.0,25,11,14,44.0,1.1484,0.0248,2764.32985,5.938,0.1554,0.066,5317.626,26.7984,reject,False,sample_too_small;pf_below_1_20;win_rate_below_45;first_half_pf_below_1;monte_carlo_risk_of_ruin_high;monte_carlo_drawdown_p95_above_limit;monte_carlo_stressed_pf_below_1_05;monte_carlo_stressed_expectancy_negative,False,False
M15,anti_chop_v1,1.0,30.0,25,11,14,44.0,1.0742,0.0104,2764.32985,5.938,0.1554,0.071,5347.29585,-9.4006,reject,False,sample_too_small;pf_below_1_20;win_rate_below_45;first_half_pf_below_1;monte_carlo_risk_of_ruin_high;monte_carlo_drawdown_p95_above_limit;monte_carlo_stressed_pf_below_1_05;monte_carlo_stressed_expectancy_negative,False,False
M30,low_drawdown_v1,1.5,60.0,20,9,11,45.0,1.6341,0.1413,2436.35725,0.0,0.0,0.023,4409.5845,-81.3125,reject,False,sample_too_small;monte_carlo_stressed_pf_below_1_05;monte_carlo_stressed_expectancy_negative,False,False
M30,low_drawdown_v1,1.2,60.0,21,10,11,47.62,1.5202,0.1243,1960.15725,0.0,0.0,0.043,4891.9659,-101.178,reject,False,sample_too_small;monte_carlo_stressed_pf_below_1_05;monte_carlo_stressed_expectancy_negative,False,False
M30,quality_strict,1.0,60.0,38,19,19,50.0,1.3473,0.0748,2633.07535,1.7289,0.0574,0.107,5857.24515,-125.4924,reject,False,sample_too_small;monte_carlo_risk_of_ruin_high;monte_carlo_drawdown_p95_above_limit;monte_carlo_stressed_pf_below_1_05;monte_carlo_stressed_expectancy_negative,False,False
M30,quality_strict,1.5,60.0,36,17,19,47.22,1.3249,0.069,2633.07535,1.7289,0.0574,0.098,6120.51265,-129.9804,reject,False,sample_too_small;monte_carlo_risk_of_ruin_high;monte_carlo_drawdown_p95_above_limit;monte_carlo_stressed_pf_below_1_05;monte_carlo_stressed_expectancy_negative,False,False
M15,rsi_reversal_v2_confirmed,1.5,30.0,6,2,4,33.33,1.2628,0.0929,1026.60615,0.0,0.0,0.004,3434.0623,-133.5466,reject,False,sample_too_small;win_rate_below_45;monte_carlo_stressed_pf_below_1_05,False,False
M30,anti_chop_v2_safe,1.0,60.0,33,17,16,51.52,1.4091,0.092,2288.62535,0.5463,-0.065,0.077,5466.56555,-137.3658,reject,False,sample_too_small;monte_carlo_risk_of_ruin_high;monte_carlo_drawdown_p95_above_limit;monte_carlo_stressed_pf_below_1_05;monte_carlo_stressed_expectancy_negative,False,False
M30,trend_v2_drawdown_guard,1.0,60.0,33,17,16,51.52,1.4091,0.092,2288.62535,0.5463,-0.065,0.077,5466.56555,-137.3658,reject,False,sample_too_small;monte_carlo_risk_of_ruin_high;monte_carlo_drawdown_p95_above_limit;monte_carlo_stressed_pf_below_1_05;monte_carlo_stressed_expectancy_negative,False,False
M30,low_drawdown_v1,1.0,60.0,21,10,11,47.62,1.3467,0.0828,1974.2889,0.0,0.0,0.05,5009.27595,-144.3246,reject,False,sample_too_small;monte_carlo_drawdown_p95_above_limit;monte_carlo_stressed_pf_below_1_05;monte_carlo_stressed_expectancy_negative,False,False
M30,quality_strict,1.2,60.0,37,18,19,48.65,1.2742,0.0613,2633.07535,1.7289,0.0574,0.125,6238.9395,-144.9644,reject,False,sample_too_small;monte_carlo_risk_of_ruin_high;monte_carlo_drawdown_p95_above_limit;monte_carlo_stressed_pf_below_1_05;monte_carlo_stressed_expectancy_negative,False,False
M30,anti_chop_v2_safe,1.5,60.0,31,15,16,48.39,1.3884,0.0863,2288.62535,0.5463,-0.065,0.086,5665.6513,-145.1998,reject,False,sample_too_small;monte_carlo_risk_of_ruin_high;monte_carlo_drawdown_p95_above_limit;monte_carlo_stressed_pf_below_1_05;monte_carlo_stressed_expectancy_negative,False,False
M30,trend_v2_drawdown_guard,1.5,60.0,31,15,16,48.39,1.3884,0.0863,2288.62535,0.5463,-0.065,0.086,5665.6513,-145.1998,reject,False,sample_too_small;monte_carlo_risk_of_ruin_high;monte_carlo_drawdown_p95_above_limit;monte_carlo_stressed_pf_below_1_05;monte_carlo_stressed_expectancy_negative,False,False
M15,rsi_reversal_v2_confirmed,1.2,15.0,7,3,4,42.86,1.207,0.0538,977.27,0.0,0.0,0.0,3133.24,-158.0259,reject,False,sample_too_small;win_rate_below_45;monte_carlo_stressed_pf_below_1_05;monte_carlo_stressed_expectancy_negative,False,False
M15,rsi_reversal_v2_confirmed,1.5,15.0,7,3,4,42.86,1.207,0.0538,977.27,0.0,0.0,0.0,3133.24,-158.0259,reject,False,sample_too_small;win_rate_below_45;monte_carlo_stressed_pf_below_1_05;monte_carlo_stressed_expectancy_negative,False,False
M30,anti_chop_v2_safe,1.2,60.0,32,16,16,50.0,1.3264,0.0769,2288.62535,0.5463,-0.065,0.111,6097.37945,-161.9898,reject,False,sample_too_small;monte_carlo_risk_of_ruin_high;monte_carlo_drawdown_p95_above_limit;monte_carlo_stressed_pf_below_1_05;monte_carlo_stressed_expectancy_negative,False,False
M30,trend_v2_drawdown_guard,1.2,60.0,32,16,16,50.0,1.3264,0.0769,2288.62535,0.5463,-0.065,0.111,6097.37945,-161.9898,reject,False,sample_too_small;monte_carlo_risk_of_ruin_high;monte_carlo_drawdown_p95_above_limit;monte_carlo_stressed_pf_below_1_05;monte_carlo_stressed_expectancy_negative,False,False
M30,capital_preservation_v1,1.2,60.0,10,5,5,50.0,1.1602,0.0617,1960.15725,0.0,0.0,0.053,5030.10966,-187.498,reject,False,sample_too_small;pf_below_1_20;monte_carlo_risk_of_ruin_high;monte_carlo_drawdown_p95_above_limit;monte_carlo_stressed_pf_below_1_05;monte_carlo_stressed_expectancy_negative,False,False
M15,rsi_reversal_v2_confirmed,1.2,30.0,6,2,4,33.33,1.12,0.0429,1026.60615,0.0,0.0,0.004,3494.0423,-187.6826,reject,False,sample_too_small;pf_below_1_20;win_rate_below_45;monte_carlo_stressed_pf_below_1_05;monte_carlo_stressed_expectancy_negative,False,False
M15,rsi_reversal_v2_confirmed,1.0,15.0,7,3,4,42.86,1.1248,0.0318,977.27,0.0,0.0,0.0,3133.24,-190.1699,reject,False,sample_too_small;pf_below_1_20;win_rate_below_45;monte_carlo_stressed_pf_below_1_05;monte_carlo_stressed_expectancy_negative,False,False
M30,momentum_v2_filtered,1.2,60.0,26,13,13,50.0,1.1898,0.0533,2261.64535,0.5463,-0.065,0.118,6488.68119,-194.8746,reject,False,sample_too_small;pf_below_1_20;monte_carlo_risk_of_ruin_high;monte_carlo_drawdown_p95_above_limit;monte_carlo_stressed_pf_below_1_05;monte_carlo_stressed_expectancy_negative,False,False
M30,momentum_v2_filtered,1.5,60.0,25,12,13,48.0,1.1968,0.052,2896.5226,0.5463,-0.065,0.084,5523.2298,-195.1205,reject,False,sample_too_small;pf_below_1_20;monte_carlo_risk_of_ruin_high;monte_carlo_drawdown_p95_above_limit;monte_carlo_stressed_pf_below_1_05;monte_carlo_stressed_expectancy_negative,False,False
H1,low_drawdown_v1,1.5,15.0,29,13,16,44.83,1.1019,0.0379,3478.1508,2.0382,0.1427,0.164,6339.5151,-197.7539,reject,False,sample_too_small;pf_below_1_20;win_rate_below_45;monte_carlo_risk_of_ruin_high;monte_carlo_drawdown_p95_above_limit;monte_carlo_stressed_pf_below_1_05;monte_carlo_stressed_expectancy_negative,False,False
H1,low_drawdown_v1,1.5,30.0,29,13,16,44.83,1.1019,0.0379,3478.1508,2.0382,0.1427,0.164,6339.5151,-197.7539,reject,False,sample_too_small;pf_below_1_20;win_rate_below_45;monte_carlo_risk_of_ruin_high;monte_carlo_drawdown_p95_above_limit;monte_carlo_stressed_pf_below_1_05;monte_carlo_stressed_expectancy_negative,False,False
H1,low_drawdown_v1,1.5,60.0,29,13,16,44.83,1.1019,0.0379,3478.1508,2.0382,0.1427,0.164,6339.5151,-197.7539,reject,False,sample_too_small;pf_below_1_20;win_rate_below_45;monte_carlo_risk_of_ruin_high;monte_carlo_drawdown_p95_above_limit;monte_carlo_stressed_pf_below_1_05;monte_carlo_stressed_expectancy_negative,False,False
M30,rsi_reversal_v2_confirmed,1.5,60.0,60,29,31,48.33,1.4527,0.111,4782.50015,0.7586,-0.0295,0.261,7500.7697,-199.3953,reject,False,sample_too_small;last_2000_pf_below_1;test_pf_below_1;monte_carlo_risk_of_ruin_high;monte_carlo_drawdown_p95_above_limit;monte_carlo_stressed_pf_below_1_05;monte_carlo_stressed_expectancy_negative,False,False
M30,rsi_reversal_v2_confirmed,1.2,60.0,62,31,31,50.0,1.4257,0.1049,4782.50015,0.7586,-0.0295,0.243,7713.15207,-201.3853,reject,False,sample_too_small;last_2000_pf_below_1;test_pf_below_1;monte_carlo_risk_of_ruin_high;monte_carlo_drawdown_p95_above_limit;monte_carlo_stressed_pf_below_1_05;monte_carlo_stressed_expectancy_negative,False,False
M30,momentum_v2_filtered,1.0,60.0,26,13,13,50.0,1.1549,0.0447,2261.64535,0.5463,-0.065,0.123,6471.26685,-209.5976,reject,False,sample_too_small;pf_below_1_20;monte_carlo_risk_of_ruin_high;monte_carlo_drawdown_p95_above_limit;monte_carlo_stressed_pf_below_1_05;monte_carlo_stressed_expectancy_negative,False,False
M30,rsi_reversal_v2_confirmed,1.2,15.0,76,39,37,51.32,1.2097,0.0534,4274.76275,0.8445,-0.0231,0.368,8816.09329,-211.343,reject,False,last_2000_pf_below_1;test_pf_below_1;monte_carlo_risk_of_ruin_high;monte_carlo_drawdown_p95_above_limit;monte_carlo_stressed_pf_below_1_05;monte_carlo_stressed_expectancy_negative,False,False
M30,rsi_reversal_v2_confirmed,1.2,30.0,76,39,37,51.32,1.2097,0.0534,4274.76275,0.8445,-0.0231,0.368,8816.09329,-211.343,reject,False,last_2000_pf_below_1;test_pf_below_1;monte_carlo_risk_of_ruin_high;monte_carlo_drawdown_p95_above_limit;monte_carlo_stressed_pf_below_1_05;monte_carlo_stressed_expectancy_negative,False,False
M30,rsi_reversal_v2_confirmed,1.0,15.0,76,39,37,51.32,1.2025,0.0514,4274.76275,0.8445,-0.0231,0.368,8878.04005,-213.207,reject,False,last_2000_pf_below_1;test_pf_below_1;monte_carlo_risk_of_ruin_high;monte_carlo_drawdown_p95_above_limit;monte_carlo_stressed_pf_below_1_05;monte_carlo_stressed_expectancy_negative,False,False
M30,rsi_reversal_v2_confirmed,1.0,30.0,76,39,37,51.32,1.2025,0.0514,4274.76275,0.8445,-0.0231,0.368,8878.04005,-213.207,reject,False,last_2000_pf_below_1;test_pf_below_1;monte_carlo_risk_of_ruin_high;monte_carlo_drawdown_p95_above_limit;monte_carlo_stressed_pf_below_1_05;monte_carlo_stressed_expectancy_negative,False,False
M30,rsi_reversal_v2_confirmed,1.5,15.0,76,39,37,51.32,1.2144,0.0544,4274.76275,0.8445,-0.0231,0.383,8931.1103,-213.279,reject,False,last_2000_pf_below_1;test_pf_below_1;monte_carlo_risk_of_ruin_high;monte_carlo_drawdown_p95_above_limit;monte_carlo_stressed_pf_below_1_05;monte_carlo_stressed_expectancy_negative,False,False
M30,rsi_reversal_v2_confirmed,1.5,30.0,76,39,37,51.32,1.2144,0.0544,4274.76275,0.8445,-0.0231,0.383,8931.1103,-213.279,reject,False,last_2000_pf_below_1;test_pf_below_1;monte_carlo_risk_of_ruin_high;monte_carlo_drawdown_p95_above_limit;monte_carlo_stressed_pf_below_1_05;monte_carlo_stressed_expectancy_negative,False,False
H1,capital_preservation_v1,1.5,15.0,17,8,9,47.06,0.8533,-0.0181,3345.1708,2.9227,0.2042,0.142,6193.789,-220.1346,reject,False,sample_too_small;pf_below_1_20;expectancy_not_positive;monte_carlo_risk_of_ruin_high;monte_carlo_drawdown_p95_above_limit;monte_carlo_stressed_pf_below_1_05;monte_carlo_stressed_expectancy_negative,False,False
H1,capital_preservation_v1,1.5,30.0,17,8,9,47.06,0.8533,-0.0181,3345.1708,2.9227,0.2042,0.142,6193.789,-220.1346,reject,False,sample_too_small;pf_below_1_20;expectancy_not_positive;monte_carlo_risk_of_ruin_high;monte_carlo_drawdown_p95_above_limit;monte_carlo_stressed_pf_below_1_05;monte_carlo_stressed_expectancy_negative,False,False
H1,capital_preservation_v1,1.5,60.0,17,8,9,47.06,0.8533,-0.0181,3345.1708,2.9227,0.2042,0.142,6193.789,-220.1346,reject,False,sample_too_small;pf_below_1_20;expectancy_not_positive;monte_carlo_risk_of_ruin_high;monte_carlo_drawdown_p95_above_limit;monte_carlo_stressed_pf_below_1_05;monte_carlo_stressed_expectancy_negative,False,False
M30,quality_v3_conservative,1.5,15.0,28,12,16,42.86,1.1343,0.036,2639.38,0.0,-0.1557,0.113,6208.31595,-221.5312,reject,False,sample_too_small;pf_below_1_20;win_rate_below_45;monte_carlo_risk_of_ruin_high;monte_carlo_drawdown_p95_above_limit;monte_carlo_stressed_pf_below_1_05;monte_carlo_stressed_expectancy_negative,False,False
M30,quality_v3_conservative,1.5,30.0,28,12,16,42.86,1.1343,0.036,2639.38,0.0,-0.1557,0.113,6208.31595,-221.5312,reject,False,sample_too_small;pf_below_1_20;win_rate_below_45;monte_carlo_risk_of_ruin_high;monte_carlo_drawdown_p95_above_limit;monte_carlo_stressed_pf_below_1_05;monte_carlo_stressed_expectancy_negative,False,False
M30,quality_v3_conservative,1.2,15.0,28,12,16,42.86,1.1201,0.033,2639.38,0.0,-0.1557,0.101,6090.01165,-224.4652,reject,False,sample_too_small;pf_below_1_20;win_rate_below_45;monte_carlo_risk_of_ruin_high;monte_carlo_drawdown_p95_above_limit;monte_carlo_stressed_pf_below_1_05;monte_carlo_stressed_expectancy_negative,False,False
M30,quality_v3_conservative,1.2,30.0,28,12,16,42.86,1.1201,0.033,2639.38,0.0,-0.1557,0.101,6090.01165,-224.4652,reject,False,sample_too_small;pf_below_1_20;win_rate_below_45;monte_carlo_risk_of_ruin_high;monte_carlo_drawdown_p95_above_limit;monte_carlo_stressed_pf_below_1_05;monte_carlo_stressed_expectancy_negative,False,False
M30,rsi_reversal_v2_confirmed,1.0,60.0,65,33,32,50.77,1.3508,0.0901,4782.50015,0.7586,-0.0295,0.302,8284.89515,-228.5233,reject,False,sample_too_small;last_2000_pf_below_1;test_pf_below_1;monte_carlo_risk_of_ruin_high;monte_carlo_drawdown_p95_above_limit;monte_carlo_stressed_pf_below_1_05;monte_carlo_stressed_expectancy_negative,False,False
M15,rsi_reversal_v2_confirmed,1.0,60.0,6,3,3,50.0,1.0259,0.012,1114.4,0.0,0.0,0.007,3366.0523,-230.237,reject,False,sample_too_small;pf_below_1_20;monte_carlo_stressed_pf_below_1_05;monte_carlo_stressed_expectancy_negative,False,False
M30,capital_preservation_v1,1.5,60.0,9,4,5,44.44,1.0729,0.0258,2436.35725,0.0,0.0,0.04,4834.2832,-232.7215,reject,False,sample_too_small;pf_below_1_20;win_rate_below_45;monte_carlo_stressed_pf_below_1_05;monte_carlo_stressed_expectancy_negative,False,False
M30,capital_preservation_v1,1.0,60.0,10,5,5,50.0,1.0381,0.0146,1974.2889,0.0,0.0,0.054,5125.54755,-244.3916,reject,False,sample_too_small;pf_below_1_20;monte_carlo_risk_of_ruin_high;monte_carlo_drawdown_p95_above_limit;monte_carlo_stressed_pf_below_1_05;monte_carlo_stressed_expectancy_negative,False,False
M30,capital_preservation_v1,1.2,15.0,11,6,5,54.55,1.0249,0.0095,1960.15725,0.0,0.0,0.038,4780.0245,-246.779,reject,False,sample_too_small;pf_below_1_20;monte_carlo_stressed_pf_below_1_05;monte_carlo_stressed_expectancy_negative,False,False
M30,capital_preservation_v1,1.2,30.0,11,6,5,54.55,1.0249,0.0095,1960.15725,0.0,0.0,0.038,4780.0245,-246.779,reject,False,sample_too_small;pf_below_1_20;monte_carlo_stressed_pf_below_1_05;monte_carlo_stressed_expectancy_negative,False,False
H1,capital_preservation_v1,1.2,15.0,17,8,9,47.06,0.7876,-0.0357,3345.1708,2.5626,0.1667,0.145,6322.2816,-248.5946,reject,False,sample_too_small;pf_below_1_20;expectancy_not_positive;monte_carlo_risk_of_ruin_high;monte_carlo_drawdown_p95_above_limit;monte_carlo_stressed_pf_below_1_05;monte_carlo_stressed_expectancy_negative,False,False
H1,capital_preservation_v1,1.2,30.0,17,8,9,47.06,0.7876,-0.0357,3345.1708,2.5626,0.1667,0.145,6322.2816,-248.5946,reject,False,sample_too_small;pf_below_1_20;expectancy_not_positive;monte_carlo_risk_of_ruin_high;monte_carlo_drawdown_p95_above_limit;monte_carlo_stressed_pf_below_1_05;monte_carlo_stressed_expectancy_negative,False,False
H1,capital_preservation_v1,1.2,60.0,17,8,9,47.06,0.7876,-0.0357,3345.1708,2.5626,0.1667,0.145,6322.2816,-248.5946,reject,False,sample_too_small;pf_below_1_20;expectancy_not_positive;monte_carlo_risk_of_ruin_high;monte_carlo_drawdown_p95_above_limit;monte_carlo_stressed_pf_below_1_05;monte_carlo_stressed_expectancy_negative,False,False
M15,rsi_reversal_v2_confirmed,1.0,30.0,6,2,4,33.33,0.949,-0.0171,1026.60615,0.0,0.0,0.004,3494.0423,-249.1826,reject,False,sample_too_small;pf_below_1_20;expectancy_not_positive;win_rate_below_45;monte_carlo_stressed_pf_below_1_05;monte_carlo_stressed_expectancy_negative,False,False
H1,low_drawdown_v1,1.2,15.0,29,13,16,44.83,1.0021,0.0156,3478.1508,1.7437,0.1027,0.171,6571.2051,-251.9749,reject,False,sample_too_small;pf_below_1_20;win_rate_below_45;monte_carlo_risk_of_ruin_high;monte_carlo_drawdown_p95_above_limit;monte_carlo_stressed_pf_below_1_05;monte_carlo_stressed_expectancy_negative,False,False
H1,low_drawdown_v1,1.2,30.0,29,13,16,44.83,1.0021,0.0156,3478.1508,1.7437,0.1027,0.171,6571.2051,-251.9749,reject,False,sample_too_small;pf_below_1_20;win_rate_below_45;monte_carlo_risk_of_ruin_high;monte_carlo_drawdown_p95_above_limit;monte_carlo_stressed_pf_below_1_05;monte_carlo_stressed_expectancy_negative,False,False
H1,low_drawdown_v1,1.2,60.0,29,13,16,44.83,1.0021,0.0156,3478.1508,1.7437,0.1027,0.171,6571.2051,-251.9749,reject,False,sample_too_small;pf_below_1_20;win_rate_below_45;monte_carlo_risk_of_ruin_high;monte_carlo_drawdown_p95_above_limit;monte_carlo_stressed_pf_below_1_05;monte_carlo_stressed_expectancy_negative,False,False
M30,quality_v3_conservative,1.0,15.0,28,12,16,42.86,1.0334,0.013,2639.38,0.0,-0.1557,0.105,6192.65495,-258.6742,reject,False,sample_too_small;pf_below_1_20;win_rate_below_45;monte_carlo_risk_of_ruin_high;monte_carlo_drawdown_p95_above_limit;monte_carlo_stressed_pf_below_1_05;monte_carlo_stressed_expectancy_negative,False,False
M30,quality_v3_conservative,1.0,30.0,28,12,16,42.86,1.0334,0.013,2639.38,0.0,-0.1557,0.105,6192.65495,-258.6742,reject,False,sample_too_small;pf_below_1_20;win_rate_below_45;monte_carlo_risk_of_ruin_high;monte_carlo_drawdown_p95_above_limit;monte_carlo_stressed_pf_below_1_05;monte_carlo_stressed_expectancy_negative,False,False
M30,anti_chop_v2_safe,1.5,15.0,37,16,21,43.24,1.0762,0.0219,3226.08,0.6931,-0.0329,0.174,7006.0133,-260.652,reject,False,sample_too_small;pf_below_1_20;win_rate_below_45;monte_carlo_risk_of_ruin_high;monte_carlo_drawdown_p95_above_limit;monte_carlo_stressed_pf_below_1_05;monte_carlo_stressed_expectancy_negative,False,False
M30,anti_chop_v2_safe,1.5,30.0,37,16,21,43.24,1.0762,0.0219,3226.08,0.6931,-0.0329,0.174,7006.0133,-260.652,reject,False,sample_too_small;pf_below_1_20;win_rate_below_45;monte_carlo_risk_of_ruin_high;monte_carlo_drawdown_p95_above_limit;monte_carlo_stressed_pf_below_1_05;monte_carlo_stressed_expectancy_negative,False,False
M30,trend_v2_drawdown_guard,1.5,15.0,37,16,21,43.24,1.0762,0.0219,3226.08,0.6931,-0.0329,0.174,7006.0133,-260.652,reject,False,sample_too_small;pf_below_1_20;win_rate_below_45;monte_carlo_risk_of_ruin_high;monte_carlo_drawdown_p95_above_limit;monte_carlo_stressed_pf_below_1_05;monte_carlo_stressed_expectancy_negative,False,False
M30,trend_v2_drawdown_guard,1.5,30.0,37,16,21,43.24,1.0762,0.0219,3226.08,0.6931,-0.0329,0.174,7006.0133,-260.652,reject,False,sample_too_small;pf_below_1_20;win_rate_below_45;monte_carlo_risk_of_ruin_high;monte_carlo_drawdown_p95_above_limit;monte_carlo_stressed_pf_below_1_05;monte_carlo_stressed_expectancy_negative,False,False
M30,anti_chop_v2_safe,1.2,15.0,37,16,21,43.24,1.0649,0.0196,3226.08,0.6931,-0.0329,0.169,6841.17673,-263.853,reject,False,sample_too_small;pf_below_1_20;win_rate_below_45;monte_carlo_risk_of_ruin_high;monte_carlo_drawdown_p95_above_limit;monte_carlo_stressed_pf_below_1_05;monte_carlo_stressed_expectancy_negative,False,False
M30,anti_chop_v2_safe,1.2,30.0,37,16,21,43.24,1.0649,0.0196,3226.08,0.6931,-0.0329,0.169,6841.17673,-263.853,reject,False,sample_too_small;pf_below_1_20;win_rate_below_45;monte_carlo_risk_of_ruin_high;monte_carlo_drawdown_p95_above_limit;monte_carlo_stressed_pf_below_1_05;monte_carlo_stressed_expectancy_negative,False,False
M30,trend_v2_drawdown_guard,1.2,15.0,37,16,21,43.24,1.0649,0.0196,3226.08,0.6931,-0.0329,0.169,6841.17673,-263.853,reject,False,sample_too_small;pf_below_1_20;win_rate_below_45;monte_carlo_risk_of_ruin_high;monte_carlo_drawdown_p95_above_limit;monte_carlo_stressed_pf_below_1_05;monte_carlo_stressed_expectancy_negative,False,False
M30,trend_v2_drawdown_guard,1.2,30.0,37,16,21,43.24,1.0649,0.0196,3226.08,0.6931,-0.0329,0.169,6841.17673,-263.853,reject,False,sample_too_small;pf_below_1_20;win_rate_below_45;monte_carlo_risk_of_ruin_high;monte_carlo_drawdown_p95_above_limit;monte_carlo_stressed_pf_below_1_05;monte_carlo_stressed_expectancy_negative,False,False
H1,quality_v3_conservative,1.5,15.0,44,18,26,40.91,1.0944,0.0297,4057.1108,1.4219,0.0818,0.28,7881.4125,-267.0979,reject,False,sample_too_small;pf_below_1_20;win_rate_below_45;first_half_pf_below_1;monte_carlo_risk_of_ruin_high;monte_carlo_drawdown_p95_above_limit;monte_carlo_stressed_pf_below_1_05;monte_carlo_stressed_expectancy_negative,False,False
H1,quality_v3_conservative,1.5,30.0,44,18,26,40.91,1.0944,0.0297,4057.1108,1.4219,0.0818,0.28,7881.4125,-267.0979,reject,False,sample_too_small;pf_below_1_20;win_rate_below_45;first_half_pf_below_1;monte_carlo_risk_of_ruin_high;monte_carlo_drawdown_p95_above_limit;monte_carlo_stressed_pf_below_1_05;monte_carlo_stressed_expectancy_negative,False,False
H1,quality_v3_conservative,1.5,60.0,44,18,26,40.91,1.0944,0.0297,4057.1108,1.4219,0.0818,0.28,7881.4125,-267.0979,reject,False,sample_too_small;pf_below_1_20;win_rate_below_45;first_half_pf_below_1;monte_carlo_risk_of_ruin_high;monte_carlo_drawdown_p95_above_limit;monte_carlo_stressed_pf_below_1_05;monte_carlo_stressed_expectancy_negative,False,False
H1,capital_preservation_v1,1.0,15.0,17,8,9,47.06,0.7439,-0.0475,3345.1708,2.3225,0.1417,0.148,6396.0602,-267.7546,reject,False,sample_too_small;pf_below_1_20;expectancy_not_positive;buy_side_destructive;monte_carlo_risk_of_ruin_high;monte_carlo_drawdown_p95_above_limit;monte_carlo_stressed_pf_below_1_05;monte_carlo_stressed_expectancy_negative,False,False
H1,capital_preservation_v1,1.0,30.0,17,8,9,47.06,0.7439,-0.0475,3345.1708,2.3225,0.1417,0.148,6396.0602,-267.7546,reject,False,sample_too_small;pf_below_1_20;expectancy_not_positive;buy_side_destructive;monte_carlo_risk_of_ruin_high;monte_carlo_drawdown_p95_above_limit;monte_carlo_stressed_pf_below_1_05;monte_carlo_stressed_expectancy_negative,False,False
H1,capital_preservation_v1,1.0,60.0,17,8,9,47.06,0.7439,-0.0475,3345.1708,2.3225,0.1417,0.148,6396.0602,-267.7546,reject,False,sample_too_small;pf_below_1_20;expectancy_not_positive;buy_side_destructive;monte_carlo_risk_of_ruin_high;monte_carlo_drawdown_p95_above_limit;monte_carlo_stressed_pf_below_1_05;monte_carlo_stressed_expectancy_negative,False,False
M15,rsi_reversal_v2_confirmed,1.5,60.0,5,2,3,40.0,0.7764,-0.0856,1114.4,0.0,0.0,0.002,3885.1323,-276.12,reject,False,sample_too_small;pf_below_1_20;expectancy_not_positive;win_rate_below_45;monte_carlo_stressed_pf_below_1_05;monte_carlo_stressed_expectancy_negative,False,False
M30,capital_preservation_v1,1.0,15.0,11,6,5,54.55,0.9077,-0.0269,1974.2889,0.0,0.0,0.038,4783.7604,-283.1521,reject,False,sample_too_small;pf_below_1_20;expectancy_not_positive;first_half_pf_below_1;monte_carlo_stressed_pf_below_1_05;monte_carlo_stressed_expectancy_negative,False,False
M30,capital_preservation_v1,1.0,30.0,11,6,5,54.55,0.9077,-0.0269,1974.2889,0.0,0.0,0.038,4783.7604,-283.1521,reject,False,sample_too_small;pf_below_1_20;expectancy_not_positive;first_half_pf_below_1;monte_carlo_stressed_pf_below_1_05;monte_carlo_stressed_expectancy_negative,False,False
H1,low_drawdown_v1,1.0,15.0,29,13,16,44.83,0.9105,-0.0051,3478.1508,1.5473,0.0761,0.186,6645.67125,-286.5869,reject,False,sample_too_small;pf_below_1_20;expectancy_not_positive;win_rate_below_45;monte_carlo_risk_of_ruin_high;monte_carlo_drawdown_p95_above_limit;monte_carlo_stressed_pf_below_1_05;monte_carlo_stressed_expectancy_negative,False,False
H1,low_drawdown_v1,1.0,30.0,29,13,16,44.83,0.9105,-0.0051,3478.1508,1.5473,0.0761,0.186,6645.67125,-286.5869,reject,False,sample_too_small;pf_below_1_20;expectancy_not_positive;win_rate_below_45;monte_carlo_risk_of_ruin_high;monte_carlo_drawdown_p95_above_limit;monte_carlo_stressed_pf_below_1_05;monte_carlo_stressed_expectancy_negative,False,False
H1,low_drawdown_v1,1.0,60.0,29,13,16,44.83,0.9105,-0.0051,3478.1508,1.5473,0.0761,0.186,6645.67125,-286.5869,reject,False,sample_too_small;pf_below_1_20;expectancy_not_positive;win_rate_below_45;monte_carlo_risk_of_ruin_high;monte_carlo_drawdown_p95_above_limit;monte_carlo_stressed_pf_below_1_05;monte_carlo_stressed_expectancy_negative,False,False
M30,anti_chop_v2_safe,1.0,15.0,37,16,21,43.24,0.9965,0.0045,3226.08,0.6931,-0.0329,0.179,7031.89895,-291.451,reject,False,sample_too_small;pf_below_1_20;win_rate_below_45;monte_carlo_risk_of_ruin_high;monte_carlo_drawdown_p95_above_limit;monte_carlo_stressed_pf_below_1_05;monte_carlo_stressed_expectancy_negative,False,False
M30,anti_chop_v2_safe,1.0,30.0,37,16,21,43.24,0.9965,0.0045,3226.08,0.6931,-0.0329,0.179,7031.89895,-291.451,reject,False,sample_too_small;pf_below_1_20;win_rate_below_45;monte_carlo_risk_of_ruin_high;monte_carlo_drawdown_p95_above_limit;monte_carlo_stressed_pf_below_1_05;monte_carlo_stressed_expectancy_negative,False,False
M30,trend_v2_drawdown_guard,1.0,15.0,37,16,21,43.24,0.9965,0.0045,3226.08,0.6931,-0.0329,0.179,7031.89895,-291.451,reject,False,sample_too_small;pf_below_1_20;win_rate_below_45;monte_carlo_risk_of_ruin_high;monte_carlo_drawdown_p95_above_limit;monte_carlo_stressed_pf_below_1_05;monte_carlo_stressed_expectancy_negative,False,False
M30,trend_v2_drawdown_guard,1.0,30.0,37,16,21,43.24,0.9965,0.0045,3226.08,0.6931,-0.0329,0.179,7031.89895,-291.451,reject,False,sample_too_small;pf_below_1_20;win_rate_below_45;monte_carlo_risk_of_ruin_high;monte_carlo_drawdown_p95_above_limit;monte_carlo_stressed_pf_below_1_05;monte_carlo_stressed_expectancy_negative,False,False
M30,anti_chop_v1,1.5,60.0,100,46,54,46.0,1.2006,0.0486,5940.117325,0.7374,-0.0494,0.534,9978.692325,-293.18,reject,False,drawdown_above_5000;second_half_pf_below_1;last_2000_pf_below_1;test_pf_below_1;monte_carlo_risk_of_ruin_high;monte_carlo_drawdown_p95_above_limit;monte_carlo_stressed_pf_below_1_05;monte_carlo_stressed_expectancy_negative,False,False
M30,anti_chop_v1,1.2,60.0,102,48,54,47.06,1.1923,0.0467,6256.94239,0.7526,-0.0466,0.506,10565.729,-295.2948,reject,False,pf_below_1_20;drawdown_above_5000;second_half_pf_below_1;second_half_expectancy_strong_negative;last_2000_pf_below_1;test_pf_below_1;monte_carlo_risk_of_ruin_high;monte_carlo_drawdown_p95_above_limit;monte_carlo_stressed_pf_below_1_05;monte_carlo_stressed_expectancy_negative,False,False
M30,capital_preservation_v1,1.5,15.0,11,6,5,54.55,0.8699,-0.0375,2580.3516,0.0,0.0,0.043,4894.02035,-301.7489,reject,False,sample_too_small;pf_below_1_20;expectancy_not_positive;first_half_pf_below_1;monte_carlo_stressed_pf_below_1_05;monte_carlo_stressed_expectancy_negative,False,False
M30,capital_preservation_v1,1.5,30.0,11,6,5,54.55,0.8699,-0.0375,2580.3516,0.0,0.0,0.043,4894.02035,-301.7489,reject,False,sample_too_small;pf_below_1_20;expectancy_not_positive;first_half_pf_below_1;monte_carlo_stressed_pf_below_1_05;monte_carlo_stressed_expectancy_negative,False,False
M30,momentum_v2_filtered,1.2,15.0,29,12,17,41.38,0.9305,-0.0106,2996.37236,0.6931,-0.0329,0.197,6818.77182,-310.6877,reject,False,sample_too_small;pf_below_1_20;expectancy_not_positive;win_rate_below_45;first_half_pf_below_1;monte_carlo_risk_of_ruin_high;monte_carlo_drawdown_p95_above_limit;monte_carlo_stressed_pf_below_1_05;monte_carlo_stressed_expectancy_negative,False,False
M30,momentum_v2_filtered,1.2,30.0,29,12,17,41.38,0.9305,-0.0106,2996.37236,0.6931,-0.0329,0.197,6818.77182,-310.6877,reject,False,sample_too_small;pf_below_1_20;expectancy_not_positive;win_rate_below_45;first_half_pf_below_1;monte_carlo_risk_of_ruin_high;monte_carlo_drawdown_p95_above_limit;monte_carlo_stressed_pf_below_1_05;monte_carlo_stressed_expectancy_negative,False,False
M30,low_drawdown_v1,1.2,15.0,24,10,14,41.67,0.9093,-0.0182,3264.16236,0.0,0.0,0.141,6172.05166,-312.5225,reject,False,sample_too_small;pf_below_1_20;expectancy_not_positive;win_rate_below_45;first_half_pf_below_1;monte_carlo_risk_of_ruin_high;monte_carlo_drawdown_p95_above_limit;monte_carlo_stressed_pf_below_1_05;monte_carlo_stressed_expectancy_negative,False,False
M30,low_drawdown_v1,1.2,30.0,24,10,14,41.67,0.9093,-0.0182,3264.16236,0.0,0.0,0.141,6172.05166,-312.5225,reject,False,sample_too_small;pf_below_1_20;expectancy_not_positive;win_rate_below_45;first_half_pf_below_1;monte_carlo_risk_of_ruin_high;monte_carlo_drawdown_p95_above_limit;monte_carlo_stressed_pf_below_1_05;monte_carlo_stressed_expectancy_negative,False,False
H1,quality_v3_conservative,1.2,15.0,44,18,26,40.91,0.998,0.0082,4057.1108,1.1961,0.0409,0.31,8057.8891,-320.9259,reject,False,sample_too_small;pf_below_1_20;win_rate_below_45;first_half_pf_below_1;monte_carlo_risk_of_ruin_high;monte_carlo_drawdown_p95_above_limit;monte_carlo_stressed_pf_below_1_05;monte_carlo_stressed_expectancy_negative,False,False
H1,quality_v3_conservative,1.2,30.0,44,18,26,40.91,0.998,0.0082,4057.1108,1.1961,0.0409,0.31,8057.8891,-320.9259,reject,False,sample_too_small;pf_below_1_20;win_rate_below_45;first_half_pf_below_1;monte_carlo_risk_of_ruin_high;monte_carlo_drawdown_p95_above_limit;monte_carlo_stressed_pf_below_1_05;monte_carlo_stressed_expectancy_negative,False,False
H1,quality_v3_conservative,1.2,60.0,44,18,26,40.91,0.998,0.0082,4057.1108,1.1961,0.0409,0.31,8057.8891,-320.9259,reject,False,sample_too_small;pf_below_1_20;win_rate_below_45;first_half_pf_below_1;monte_carlo_risk_of_ruin_high;monte_carlo_drawdown_p95_above_limit;monte_carlo_stressed_pf_below_1_05;monte_carlo_stressed_expectancy_negative,False,False
M30,anti_chop_v1,1.0,60.0,106,51,55,48.11,1.158,0.0398,6973.12855,0.7761,-0.0407,0.53,10660.0103,-321.2756,reject,False,pf_below_1_20;drawdown_above_5000;second_half_pf_below_1;second_half_expectancy_strong_negative;last_2000_pf_below_1;test_pf_below_1;monte_carlo_risk_of_ruin_high;monte_carlo_drawdown_p95_above_limit;monte_carlo_stressed_pf_below_1_05;monte_carlo_stressed_expectancy_negative,False,False
M30,momentum_v2_filtered,1.0,15.0,29,12,17,41.38,0.88,-0.023,2954.1319,0.6931,-0.0329,0.205,6923.1231,-325.9056,reject,False,sample_too_small;pf_below_1_20;expectancy_not_positive;win_rate_below_45;first_half_pf_below_1;monte_carlo_risk_of_ruin_high;monte_carlo_drawdown_p95_above_limit;monte_carlo_stressed_pf_below_1_05;monte_carlo_stressed_expectancy_negative,False,False
M30,momentum_v2_filtered,1.0,30.0,29,12,17,41.38,0.88,-0.023,2954.1319,0.6931,-0.0329,0.205,6923.1231,-325.9056,reject,False,sample_too_small;pf_below_1_20;expectancy_not_positive;win_rate_below_45;first_half_pf_below_1;monte_carlo_risk_of_ruin_high;monte_carlo_drawdown_p95_above_limit;monte_carlo_stressed_pf_below_1_05;monte_carlo_stressed_expectancy_negative,False,False
M15,quality_strict,1.0,30.0,6,2,4,33.33,0.3511,-0.149,1039.75615,1.2438,0.0217,0.0,2856.06845,-326.042,reject,False,sample_too_small;pf_below_1_20;expectancy_not_positive;win_rate_below_45;buy_side_destructive;monte_carlo_stressed_pf_below_1_05;monte_carlo_stressed_expectancy_negative,False,False
M15,quality_strict,1.2,30.0,6,2,4,33.33,0.3511,-0.149,1039.75615,1.2438,0.0217,0.0,2856.06845,-326.042,reject,False,sample_too_small;pf_below_1_20;expectancy_not_positive;win_rate_below_45;buy_side_destructive;monte_carlo_stressed_pf_below_1_05;monte_carlo_stressed_expectancy_negative,False,False
M15,quality_strict,1.5,30.0,6,2,4,33.33,0.3511,-0.149,1039.75615,1.2438,0.0217,0.0,2856.06845,-326.042,reject,False,sample_too_small;pf_below_1_20;expectancy_not_positive;win_rate_below_45;buy_side_destructive;monte_carlo_stressed_pf_below_1_05;monte_carlo_stressed_expectancy_negative,False,False
M30,momentum_v2_filtered,1.5,15.0,29,12,17,41.38,0.9021,-0.018,3798.7916,0.6931,-0.0329,0.214,6935.38885,-332.2129,reject,False,sample_too_small;pf_below_1_20;expectancy_not_positive;win_rate_below_45;first_half_pf_below_1;monte_carlo_risk_of_ruin_high;monte_carlo_drawdown_p95_above_limit;monte_carlo_stressed_pf_below_1_05;monte_carlo_stressed_expectancy_negative,False,False
M30,momentum_v2_filtered,1.5,30.0,29,12,17,41.38,0.9021,-0.018,3798.7916,0.6931,-0.0329,0.214,6935.38885,-332.2129,reject,False,sample_too_small;pf_below_1_20;expectancy_not_positive;win_rate_below_45;first_half_pf_below_1;monte_carlo_risk_of_ruin_high;monte_carlo_drawdown_p95_above_limit;monte_carlo_stressed_pf_below_1_05;monte_carlo_stressed_expectancy_negative,False,False
M30,quality_strict,1.5,15.0,43,19,24,44.19,1.0132,0.0076,3504.18,0.8963,-0.0047,0.264,7545.9536,-335.0143,reject,False,sample_too_small;pf_below_1_20;win_rate_below_45;second_half_pf_below_1;second_half_expectancy_strong_negative;monte_carlo_risk_of_ruin_high;monte_carlo_drawdown_p95_above_limit;monte_carlo_stressed_pf_below_1_05;monte_carlo_stressed_expectancy_negative,False,False
M30,quality_strict,1.5,30.0,43,19,24,44.19,1.0132,0.0076,3504.18,0.8963,-0.0047,0.264,7545.9536,-335.0143,reject,False,sample_too_small;pf_below_1_20;win_rate_below_45;second_half_pf_below_1;second_half_expectancy_strong_negative;monte_carlo_risk_of_ruin_high;monte_carlo_drawdown_p95_above_limit;monte_carlo_stressed_pf_below_1_05;monte_carlo_stressed_expectancy_negative,False,False
M30,quality_strict,1.2,15.0,43,19,24,44.19,1.0033,0.0056,3504.18,0.8963,-0.0047,0.248,7519.36391,-335.4873,reject,False,sample_too_small;pf_below_1_20;win_rate_below_45;second_half_pf_below_1;second_half_expectancy_strong_negative;monte_carlo_risk_of_ruin_high;monte_carlo_drawdown_p95_above_limit;monte_carlo_stressed_pf_below_1_05;monte_carlo_stressed_expectancy_negative,False,False
M30,quality_strict,1.2,30.0,43,19,24,44.19,1.0033,0.0056,3504.18,0.8963,-0.0047,0.248,7519.36391,-335.4873,reject,False,sample_too_small;pf_below_1_20;win_rate_below_45;second_half_pf_below_1;second_half_expectancy_strong_negative;monte_carlo_risk_of_ruin_high;monte_carlo_drawdown_p95_above_limit;monte_carlo_stressed_pf_below_1_05;monte_carlo_stressed_expectancy_negative,False,False
M30,low_drawdown_v1,1.5,15.0,24,10,14,41.67,0.8742,-0.0273,4066.5816,0.0,0.0,0.165,6334.0345,-336.7443,reject,False,sample_too_small;pf_below_1_20;expectancy_not_positive;win_rate_below_45;first_half_pf_below_1;monte_carlo_risk_of_ruin_high;monte_carlo_drawdown_p95_above_limit;monte_carlo_stressed_pf_below_1_05;monte_carlo_stressed_expectancy_negative,False,False
M30,low_drawdown_v1,1.5,30.0,24,10,14,41.67,0.8742,-0.0273,4066.5816,0.0,0.0,0.165,6334.0345,-336.7443,reject,False,sample_too_small;pf_below_1_20;expectancy_not_positive;win_rate_below_45;first_half_pf_below_1;monte_carlo_risk_of_ruin_high;monte_carlo_drawdown_p95_above_limit;monte_carlo_stressed_pf_below_1_05;monte_carlo_stressed_expectancy_negative,False,False
M30,low_drawdown_v1,1.0,15.0,24,10,14,41.67,0.8052,-0.0432,3460.5189,0.0,0.0,0.156,6290.10165,-345.3175,reject,False,sample_too_small;pf_below_1_20;expectancy_not_positive;win_rate_below_45;first_half_pf_below_1;monte_carlo_risk_of_ruin_high;monte_carlo_drawdown_p95_above_limit;monte_carlo_stressed_pf_below_1_05;monte_carlo_stressed_expectancy_negative,False,False
M30,low_drawdown_v1,1.0,30.0,24,10,14,41.67,0.8052,-0.0432,3460.5189,0.0,0.0,0.156,6290.10165,-345.3175,reject,False,sample_too_small;pf_below_1_20;expectancy_not_positive;win_rate_below_45;first_half_pf_below_1;monte_carlo_risk_of_ruin_high;monte_carlo_drawdown_p95_above_limit;monte_carlo_stressed_pf_below_1_05;monte_carlo_stressed_expectancy_negative,False,False
M15,quality_strict,1.0,60.0,5,3,2,60.0,0.2801,-0.1181,782.28,0.2582,-0.2141,0.0,1948.08,-346.0135,reject,False,sample_too_small;pf_below_1_20;expectancy_not_positive;buy_side_destructive;monte_carlo_stressed_pf_below_1_05;monte_carlo_stressed_expectancy_negative,False,False
M15,quality_strict,1.2,60.0,5,3,2,60.0,0.2801,-0.1181,782.28,0.2582,-0.2141,0.0,1948.08,-346.0135,reject,False,sample_too_small;pf_below_1_20;expectancy_not_positive;buy_side_destructive;monte_carlo_stressed_pf_below_1_05;monte_carlo_stressed_expectancy_negative,False,False
M15,quality_strict,1.5,60.0,5,3,2,60.0,0.2801,-0.1181,782.28,0.2582,-0.2141,0.0,1948.08,-346.0135,reject,False,sample_too_small;pf_below_1_20;expectancy_not_positive;buy_side_destructive;monte_carlo_stressed_pf_below_1_05;monte_carlo_stressed_expectancy_negative,False,False
M30,quality_strict,1.0,15.0,43,19,24,44.19,0.9429,-0.0074,3504.18,0.8963,-0.0047,0.275,7551.00325,-353.5842,reject,False,sample_too_small;pf_below_1_20;expectancy_not_positive;win_rate_below_45;first_half_pf_below_1;second_half_pf_below_1;second_half_expectancy_strong_negative;monte_carlo_risk_of_ruin_high;monte_carlo_drawdown_p95_above_limit;monte_carlo_stressed_pf_below_1_05;monte_carlo_stressed_expectancy_negative,False,False
M30,quality_strict,1.0,30.0,43,19,24,44.19,0.9429,-0.0074,3504.18,0.8963,-0.0047,0.275,7551.00325,-353.5842,reject,False,sample_too_small;pf_below_1_20;expectancy_not_positive;win_rate_below_45;first_half_pf_below_1;second_half_pf_below_1;second_half_expectancy_strong_negative;monte_carlo_risk_of_ruin_high;monte_carlo_drawdown_p95_above_limit;monte_carlo_stressed_pf_below_1_05;monte_carlo_stressed_expectancy_negative,False,False
M15,anti_chop_v2_safe,1.0,60.0,4,2,2,50.0,0.2408,-0.2971,1407.92615,0.0,-0.5835,0.0,3189.90615,-360.0791,reject,False,sample_too_small;pf_below_1_20;expectancy_not_positive;buy_side_destructive;monte_carlo_stressed_pf_below_1_05;monte_carlo_stressed_expectancy_negative,False,False
M15,anti_chop_v2_safe,1.2,60.0,4,2,2,50.0,0.2408,-0.2971,1407.92615,0.0,-0.5835,0.0,3189.90615,-360.0791,reject,False,sample_too_small;pf_below_1_20;expectancy_not_positive;buy_side_destructive;monte_carlo_stressed_pf_below_1_05;monte_carlo_stressed_expectancy_negative,False,False
M15,anti_chop_v2_safe,1.5,60.0,4,2,2,50.0,0.2408,-0.2971,1407.92615,0.0,-0.5835,0.0,3189.90615,-360.0791,reject,False,sample_too_small;pf_below_1_20;expectancy_not_positive;buy_side_destructive;monte_carlo_stressed_pf_below_1_05;monte_carlo_stressed_expectancy_negative,False,False
M15,trend_v2_drawdown_guard,1.0,60.0,4,2,2,50.0,0.2408,-0.2971,1407.92615,0.0,-0.5835,0.0,3189.90615,-360.0791,reject,False,sample_too_small;pf_below_1_20;expectancy_not_positive;buy_side_destructive;monte_carlo_stressed_pf_below_1_05;monte_carlo_stressed_expectancy_negative,False,False
M15,trend_v2_drawdown_guard,1.2,60.0,4,2,2,50.0,0.2408,-0.2971,1407.92615,0.0,-0.5835,0.0,3189.90615,-360.0791,reject,False,sample_too_small;pf_below_1_20;expectancy_not_positive;buy_side_destructive;monte_carlo_stressed_pf_below_1_05;monte_carlo_stressed_expectancy_negative,False,False
M15,trend_v2_drawdown_guard,1.5,60.0,4,2,2,50.0,0.2408,-0.2971,1407.92615,0.0,-0.5835,0.0,3189.90615,-360.0791,reject,False,sample_too_small;pf_below_1_20;expectancy_not_positive;buy_side_destructive;monte_carlo_stressed_pf_below_1_05;monte_carlo_stressed_expectancy_negative,False,False
M15,momentum_v2_filtered,1.0,60.0,4,2,2,50.0,0.2408,-0.2971,1407.92615,0.0,-0.5835,0.0,3189.90615,-360.0791,reject,False,sample_too_small;pf_below_1_20;expectancy_not_positive;buy_side_destructive;monte_carlo_stressed_pf_below_1_05;monte_carlo_stressed_expectancy_negative,False,False
M15,momentum_v2_filtered,1.2,60.0,4,2,2,50.0,0.2408,-0.2971,1407.92615,0.0,-0.5835,0.0,3189.90615,-360.0791,reject,False,sample_too_small;pf_below_1_20;expectancy_not_positive;buy_side_destructive;monte_carlo_stressed_pf_below_1_05;monte_carlo_stressed_expectancy_negative,False,False
M15,momentum_v2_filtered,1.5,60.0,4,2,2,50.0,0.2408,-0.2971,1407.92615,0.0,-0.5835,0.0,3189.90615,-360.0791,reject,False,sample_too_small;pf_below_1_20;expectancy_not_positive;buy_side_destructive;monte_carlo_stressed_pf_below_1_05;monte_carlo_stressed_expectancy_negative,False,False
H1,quality_v3_conservative,1.0,15.0,44,18,26,40.91,0.8935,-0.0141,4057.1108,1.0455,0.0137,0.347,8430.7017,-361.9184,reject,False,sample_too_small;pf_below_1_20;expectancy_not_positive;win_rate_below_45;first_half_pf_below_1;monte_carlo_risk_of_ruin_high;monte_carlo_drawdown_p95_above_limit;monte_carlo_stressed_pf_below_1_05;monte_carlo_stressed_expectancy_negative,False,False
H1,quality_v3_conservative,1.0,30.0,44,18,26,40.91,0.8935,-0.0141,4057.1108,1.0455,0.0137,0.347,8430.7017,-361.9184,reject,False,sample_too_small;pf_below_1_20;expectancy_not_positive;win_rate_below_45;first_half_pf_below_1;monte_carlo_risk_of_ruin_high;monte_carlo_drawdown_p95_above_limit;monte_carlo_stressed_pf_below_1_05;monte_carlo_stressed_expectancy_negative,False,False
H1,quality_v3_conservative,1.0,60.0,44,18,26,40.91,0.8935,-0.0141,4057.1108,1.0455,0.0137,0.347,8430.7017,-361.9184,reject,False,sample_too_small;pf_below_1_20;expectancy_not_positive;win_rate_below_45;first_half_pf_below_1;monte_carlo_risk_of_ruin_high;monte_carlo_drawdown_p95_above_limit;monte_carlo_stressed_pf_below_1_05;monte_carlo_stressed_expectancy_negative,False,False
H1,momentum_v2_filtered,1.5,15.0,56,22,34,39.29,0.9322,-0.0063,4253.3508,1.0226,0.0112,0.455,10065.6166,-369.6074,reject,False,pf_below_1_20;expectancy_not_positive;win_rate_below_45;first_half_pf_below_1;monte_carlo_risk_of_ruin_high;monte_carlo_drawdown_p95_above_limit;monte_carlo_stressed_pf_below_1_05;monte_carlo_stressed_expectancy_negative,False,False
H1,momentum_v2_filtered,1.5,30.0,56,22,34,39.29,0.9322,-0.0063,4253.3508,1.0226,0.0112,0.455,10065.6166,-369.6074,reject,False,pf_below_1_20;expectancy_not_positive;win_rate_below_45;first_half_pf_below_1;monte_carlo_risk_of_ruin_high;monte_carlo_drawdown_p95_above_limit;monte_carlo_stressed_pf_below_1_05;monte_carlo_stressed_expectancy_negative,False,False
H1,momentum_v2_filtered,1.5,60.0,56,22,34,39.29,0.9322,-0.0063,4253.3508,1.0226,0.0112,0.455,10065.6166,-369.6074,reject,False,pf_below_1_20;expectancy_not_positive;win_rate_below_45;first_half_pf_below_1;monte_carlo_risk_of_ruin_high;monte_carlo_drawdown_p95_above_limit;monte_carlo_stressed_pf_below_1_05;monte_carlo_stressed_expectancy_negative,False,False
M30,anti_chop_v1,1.0,15.0,132,66,66,50.0,1.0542,0.0158,6181.1891,0.7608,-0.0396,0.677,12223.0809,-369.8889,reject,False,pf_below_1_20;drawdown_above_5000;second_half_pf_below_1;last_1000_pf_below_1;last_2000_pf_below_1;test_pf_below_1;monte_carlo_risk_of_ruin_high;monte_carlo_drawdown_p95_above_limit;monte_carlo_stressed_pf_below_1_05;monte_carlo_stressed_expectancy_negative,False,False
M30,anti_chop_v1,1.0,30.0,132,66,66,50.0,1.0542,0.0158,6181.1891,0.7608,-0.0396,0.677,12223.0809,-369.8889,reject,False,pf_below_1_20;drawdown_above_5000;second_half_pf_below_1;last_1000_pf_below_1;last_2000_pf_below_1;test_pf_below_1;monte_carlo_risk_of_ruin_high;monte_carlo_drawdown_p95_above_limit;monte_carlo_stressed_pf_below_1_05;monte_carlo_stressed_expectancy_negative,False,False
M15,quality_v3_conservative,1.0,15.0,1,0,1,0.0,0.0,-0.7218,0.0,0.0,0.0,0.0,741.04,-379.65,reject,False,sample_too_small;pf_below_1_20;expectancy_not_positive;win_rate_below_45;monte_carlo_stressed_pf_below_1_05;monte_carlo_stressed_expectancy_negative,False,False
M15,quality_v3_conservative,1.0,30.0,1,0,1,0.0,0.0,-1.0,0.0,0.0,0.0,0.0,1026.60615,-379.65,reject,False,sample_too_small;pf_below_1_20;expectancy_not_positive;win_rate_below_45;monte_carlo_stressed_pf_below_1_05;monte_carlo_stressed_expectancy_negative,False,False
M15,quality_v3_conservative,1.0,60.0,1,0,1,0.0,0.0,-1.0,0.0,0.0,0.0,0.0,1026.60615,-379.65,reject,False,sample_too_small;pf_below_1_20;expectancy_not_positive;win_rate_below_45;monte_carlo_stressed_pf_below_1_05;monte_carlo_stressed_expectancy_negative,False,False
M15,quality_v3_conservative,1.2,15.0,1,0,1,0.0,0.0,-0.7218,0.0,0.0,0.0,0.0,741.04,-379.65,reject,False,sample_too_small;pf_below_1_20;expectancy_not_positive;win_rate_below_45;monte_carlo_stressed_pf_below_1_05;monte_carlo_stressed_expectancy_negative,False,False
M15,quality_v3_conservative,1.2,30.0,1,0,1,0.0,0.0,-1.0,0.0,0.0,0.0,0.0,1026.60615,-379.65,reject,False,sample_too_small;pf_below_1_20;expectancy_not_positive;win_rate_below_45;monte_carlo_stressed_pf_below_1_05;monte_carlo_stressed_expectancy_negative,False,False
M15,quality_v3_conservative,1.2,60.0,1,0,1,0.0,0.0,-1.0,0.0,0.0,0.0,0.0,1026.60615,-379.65,reject,False,sample_too_small;pf_below_1_20;expectancy_not_positive;win_rate_below_45;monte_carlo_stressed_pf_below_1_05;monte_carlo_stressed_expectancy_negative,False,False
M15,quality_v3_conservative,1.5,15.0,1,0,1,0.0,0.0,-0.7218,0.0,0.0,0.0,0.0,741.04,-379.65,reject,False,sample_too_small;pf_below_1_20;expectancy_not_positive;win_rate_below_45;monte_carlo_stressed_pf_below_1_05;monte_carlo_stressed_expectancy_negative,False,False
M15,quality_v3_conservative,1.5,30.0,1,0,1,0.0,0.0,-1.0,0.0,0.0,0.0,0.0,1026.60615,-379.65,reject,False,sample_too_small;pf_below_1_20;expectancy_not_positive;win_rate_below_45;monte_carlo_stressed_pf_below_1_05;monte_carlo_stressed_expectancy_negative,False,False
M15,quality_v3_conservative,1.5,60.0,1,0,1,0.0,0.0,-1.0,0.0,0.0,0.0,0.0,1026.60615,-379.65,reject,False,sample_too_small;pf_below_1_20;expectancy_not_positive;win_rate_below_45;monte_carlo_stressed_pf_below_1_05;monte_carlo_stressed_expectancy_negative,False,False
M15,low_drawdown_v1,1.0,15.0,1,0,1,0.0,0.0,-0.7218,0.0,0.0,0.0,0.0,741.04,-379.65,reject,False,sample_too_small;pf_below_1_20;expectancy_not_positive;win_rate_below_45;monte_carlo_stressed_pf_below_1_05;monte_carlo_stressed_expectancy_negative,False,False
M15,low_drawdown_v1,1.0,30.0,1,0,1,0.0,0.0,-1.0,0.0,0.0,0.0,0.0,1026.60615,-379.65,reject,False,sample_too_small;pf_below_1_20;expectancy_not_positive;win_rate_below_45;monte_carlo_stressed_pf_below_1_05;monte_carlo_stressed_expectancy_negative,False,False
M15,low_drawdown_v1,1.0,60.0,1,0,1,0.0,0.0,-1.0,0.0,0.0,0.0,0.0,1026.60615,-379.65,reject,False,sample_too_small;pf_below_1_20;expectancy_not_positive;win_rate_below_45;monte_carlo_stressed_pf_below_1_05;monte_carlo_stressed_expectancy_negative,False,False
M15,low_drawdown_v1,1.2,15.0,1,0,1,0.0,0.0,-0.7218,0.0,0.0,0.0,0.0,741.04,-379.65,reject,False,sample_too_small;pf_below_1_20;expectancy_not_positive;win_rate_below_45;monte_carlo_stressed_pf_below_1_05;monte_carlo_stressed_expectancy_negative,False,False
M15,low_drawdown_v1,1.2,30.0,1,0,1,0.0,0.0,-1.0,0.0,0.0,0.0,0.0,1026.60615,-379.65,reject,False,sample_too_small;pf_below_1_20;expectancy_not_positive;win_rate_below_45;monte_carlo_stressed_pf_below_1_05;monte_carlo_stressed_expectancy_negative,False,False
M15,low_drawdown_v1,1.2,60.0,1,0,1,0.0,0.0,-1.0,0.0,0.0,0.0,0.0,1026.60615,-379.65,reject,False,sample_too_small;pf_below_1_20;expectancy_not_positive;win_rate_below_45;monte_carlo_stressed_pf_below_1_05;monte_carlo_stressed_expectancy_negative,False,False
M15,low_drawdown_v1,1.5,15.0,1,0,1,0.0,0.0,-0.7218,0.0,0.0,0.0,0.0,741.04,-379.65,reject,False,sample_too_small;pf_below_1_20;expectancy_not_positive;win_rate_below_45;monte_carlo_stressed_pf_below_1_05;monte_carlo_stressed_expectancy_negative,False,False
M15,low_drawdown_v1,1.5,30.0,1,0,1,0.0,0.0,-1.0,0.0,0.0,0.0,0.0,1026.60615,-379.65,reject,False,sample_too_small;pf_below_1_20;expectancy_not_positive;win_rate_below_45;monte_carlo_stressed_pf_below_1_05;monte_carlo_stressed_expectancy_negative,False,False
M15,low_drawdown_v1,1.5,60.0,1,0,1,0.0,0.0,-1.0,0.0,0.0,0.0,0.0,1026.60615,-379.65,reject,False,sample_too_small;pf_below_1_20;expectancy_not_positive;win_rate_below_45;monte_carlo_stressed_pf_below_1_05;monte_carlo_stressed_expectancy_negative,False,False
M30,anti_chop_v1,1.5,15.0,132,66,66,50.0,1.0515,0.0157,6313.337375,0.7143,-0.0474,0.697,12468.93835,-383.9667,reject,False,pf_below_1_20;drawdown_above_5000;second_half_pf_below_1;last_1000_pf_below_1;last_2000_pf_below_1;test_pf_below_1;monte_carlo_risk_of_ruin_high;monte_carlo_drawdown_p95_above_limit;monte_carlo_stressed_pf_below_1_05;monte_carlo_stressed_expectancy_negative,False,False
M30,anti_chop_v1,1.5,30.0,132,66,66,50.0,1.0515,0.0157,6313.337375,0.7143,-0.0474,0.697,12468.93835,-383.9667,reject,False,pf_below_1_20;drawdown_above_5000;second_half_pf_below_1;last_1000_pf_below_1;last_2000_pf_below_1;test_pf_below_1;monte_carlo_risk_of_ruin_high;monte_carlo_drawdown_p95_above_limit;monte_carlo_stressed_pf_below_1_05;monte_carlo_stressed_expectancy_negative,False,False
M30,anti_chop_v1,1.2,15.0,132,66,66,50.0,1.0485,0.0152,6630.16244,0.7143,-0.0474,0.679,12254.68655,-388.273,reject,False,pf_below_1_20;drawdown_above_5000;second_half_pf_below_1;second_half_expectancy_strong_negative;last_1000_pf_below_1;last_2000_pf_below_1;test_pf_below_1;monte_carlo_risk_of_ruin_high;monte_carlo_drawdown_p95_above_limit;monte_carlo_stressed_pf_below_1_05;monte_carlo_stressed_expectancy_negative,False,False
M30,anti_chop_v1,1.2,30.0,132,66,66,50.0,1.0485,0.0152,6630.16244,0.7143,-0.0474,0.679,12254.68655,-388.273,reject,False,pf_below_1_20;drawdown_above_5000;second_half_pf_below_1;second_half_expectancy_strong_negative;last_1000_pf_below_1;last_2000_pf_below_1;test_pf_below_1;monte_carlo_risk_of_ruin_high;monte_carlo_drawdown_p95_above_limit;monte_carlo_stressed_pf_below_1_05;monte_carlo_stressed_expectancy_negative,False,False
M15,anti_chop_v2_safe,1.0,15.0,4,0,4,0.0,0.0,-0.2754,832.88,0.0,-0.0103,0.0,2235.86,-389.011,reject,False,sample_too_small;pf_below_1_20;expectancy_not_positive;win_rate_below_45;monte_carlo_stressed_pf_below_1_05;monte_carlo_stressed_expectancy_negative,False,False
M15,anti_chop_v2_safe,1.2,15.0,4,0,4,0.0,0.0,-0.2754,832.88,0.0,-0.0103,0.0,2235.86,-389.011,reject,False,sample_too_small;pf_below_1_20;expectancy_not_positive;win_rate_below_45;monte_carlo_stressed_pf_below_1_05;monte_carlo_stressed_expectancy_negative,False,False
M15,anti_chop_v2_safe,1.5,15.0,4,0,4,0.0,0.0,-0.2754,832.88,0.0,-0.0103,0.0,2235.86,-389.011,reject,False,sample_too_small;pf_below_1_20;expectancy_not_positive;win_rate_below_45;monte_carlo_stressed_pf_below_1_05;monte_carlo_stressed_expectancy_negative,False,False
M15,trend_v2_drawdown_guard,1.0,15.0,4,0,4,0.0,0.0,-0.2754,832.88,0.0,-0.0103,0.0,2235.86,-389.011,reject,False,sample_too_small;pf_below_1_20;expectancy_not_positive;win_rate_below_45;monte_carlo_stressed_pf_below_1_05;monte_carlo_stressed_expectancy_negative,False,False
M15,trend_v2_drawdown_guard,1.2,15.0,4,0,4,0.0,0.0,-0.2754,832.88,0.0,-0.0103,0.0,2235.86,-389.011,reject,False,sample_too_small;pf_below_1_20;expectancy_not_positive;win_rate_below_45;monte_carlo_stressed_pf_below_1_05;monte_carlo_stressed_expectancy_negative,False,False
M15,trend_v2_drawdown_guard,1.5,15.0,4,0,4,0.0,0.0,-0.2754,832.88,0.0,-0.0103,0.0,2235.86,-389.011,reject,False,sample_too_small;pf_below_1_20;expectancy_not_positive;win_rate_below_45;monte_carlo_stressed_pf_below_1_05;monte_carlo_stressed_expectancy_negative,False,False
M15,momentum_v2_filtered,1.0,15.0,4,0,4,0.0,0.0,-0.2754,832.88,0.0,-0.0103,0.0,2235.86,-389.011,reject,False,sample_too_small;pf_below_1_20;expectancy_not_positive;win_rate_below_45;monte_carlo_stressed_pf_below_1_05;monte_carlo_stressed_expectancy_negative,False,False
M15,momentum_v2_filtered,1.2,15.0,4,0,4,0.0,0.0,-0.2754,832.88,0.0,-0.0103,0.0,2235.86,-389.011,reject,False,sample_too_small;pf_below_1_20;expectancy_not_positive;win_rate_below_45;monte_carlo_stressed_pf_below_1_05;monte_carlo_stressed_expectancy_negative,False,False
M15,momentum_v2_filtered,1.5,15.0,4,0,4,0.0,0.0,-0.2754,832.88,0.0,-0.0103,0.0,2235.86,-389.011,reject,False,sample_too_small;pf_below_1_20;expectancy_not_positive;win_rate_below_45;monte_carlo_stressed_pf_below_1_05;monte_carlo_stressed_expectancy_negative,False,False
M15,anti_chop_v2_safe,1.0,30.0,4,0,4,0.0,0.0,-0.3723,1386.52615,0.0,-0.1541,0.0,3249.26845,-395.9316,reject,False,sample_too_small;pf_below_1_20;expectancy_not_positive;win_rate_below_45;monte_carlo_stressed_pf_below_1_05;monte_carlo_stressed_expectancy_negative,False,False
M15,anti_chop_v2_safe,1.2,30.0,4,0,4,0.0,0.0,-0.3723,1386.52615,0.0,-0.1541,0.0,3249.26845,-395.9316,reject,False,sample_too_small;pf_below_1_20;expectancy_not_positive;win_rate_below_45;monte_carlo_stressed_pf_below_1_05;monte_carlo_stressed_expectancy_negative,False,False
M15,anti_chop_v2_safe,1.5,30.0,4,0,4,0.0,0.0,-0.3723,1386.52615,0.0,-0.1541,0.0,3249.26845,-395.9316,reject,False,sample_too_small;pf_below_1_20;expectancy_not_positive;win_rate_below_45;monte_carlo_stressed_pf_below_1_05;monte_carlo_stressed_expectancy_negative,False,False
M15,trend_v2_drawdown_guard,1.0,30.0,4,0,4,0.0,0.0,-0.3723,1386.52615,0.0,-0.1541,0.0,3249.26845,-395.9316,reject,False,sample_too_small;pf_below_1_20;expectancy_not_positive;win_rate_below_45;monte_carlo_stressed_pf_below_1_05;monte_carlo_stressed_expectancy_negative,False,False
M15,trend_v2_drawdown_guard,1.2,30.0,4,0,4,0.0,0.0,-0.3723,1386.52615,0.0,-0.1541,0.0,3249.26845,-395.9316,reject,False,sample_too_small;pf_below_1_20;expectancy_not_positive;win_rate_below_45;monte_carlo_stressed_pf_below_1_05;monte_carlo_stressed_expectancy_negative,False,False
M15,trend_v2_drawdown_guard,1.5,30.0,4,0,4,0.0,0.0,-0.3723,1386.52615,0.0,-0.1541,0.0,3249.26845,-395.9316,reject,False,sample_too_small;pf_below_1_20;expectancy_not_positive;win_rate_below_45;monte_carlo_stressed_pf_below_1_05;monte_carlo_stressed_expectancy_negative,False,False
M15,momentum_v2_filtered,1.0,30.0,4,0,4,0.0,0.0,-0.3723,1386.52615,0.0,-0.1541,0.0,3249.26845,-395.9316,reject,False,sample_too_small;pf_below_1_20;expectancy_not_positive;win_rate_below_45;monte_carlo_stressed_pf_below_1_05;monte_carlo_stressed_expectancy_negative,False,False
M15,momentum_v2_filtered,1.2,30.0,4,0,4,0.0,0.0,-0.3723,1386.52615,0.0,-0.1541,0.0,3249.26845,-395.9316,reject,False,sample_too_small;pf_below_1_20;expectancy_not_positive;win_rate_below_45;monte_carlo_stressed_pf_below_1_05;monte_carlo_stressed_expectancy_negative,False,False
M15,momentum_v2_filtered,1.5,30.0,4,0,4,0.0,0.0,-0.3723,1386.52615,0.0,-0.1541,0.0,3249.26845,-395.9316,reject,False,sample_too_small;pf_below_1_20;expectancy_not_positive;win_rate_below_45;monte_carlo_stressed_pf_below_1_05;monte_carlo_stressed_expectancy_negative,False,False
H1,momentum_v2_filtered,1.2,15.0,56,22,34,39.29,0.8533,-0.0232,4253.3508,0.8669,-0.0178,0.496,10230.449,-401.2119,reject,False,pf_below_1_20;expectancy_not_positive;win_rate_below_45;first_half_pf_below_1;last_2000_pf_below_1;test_pf_below_1;monte_carlo_risk_of_ruin_high;monte_carlo_drawdown_p95_above_limit;monte_carlo_stressed_pf_below_1_05;monte_carlo_stressed_expectancy_negative,False,False
H1,momentum_v2_filtered,1.2,30.0,56,22,34,39.29,0.8533,-0.0232,4253.3508,0.8669,-0.0178,0.496,10230.449,-401.2119,reject,False,pf_below_1_20;expectancy_not_positive;win_rate_below_45;first_half_pf_below_1;last_2000_pf_below_1;test_pf_below_1;monte_carlo_risk_of_ruin_high;monte_carlo_drawdown_p95_above_limit;monte_carlo_stressed_pf_below_1_05;monte_carlo_stressed_expectancy_negative,False,False
H1,momentum_v2_filtered,1.2,60.0,56,22,34,39.29,0.8533,-0.0232,4253.3508,0.8669,-0.0178,0.496,10230.449,-401.2119,reject,False,pf_below_1_20;expectancy_not_positive;win_rate_below_45;first_half_pf_below_1;last_2000_pf_below_1;test_pf_below_1;monte_carlo_risk_of_ruin_high;monte_carlo_drawdown_p95_above_limit;monte_carlo_stressed_pf_below_1_05;monte_carlo_stressed_expectancy_negative,False,False
H1,rsi_reversal_v2_confirmed,1.5,15.0,90,37,53,41.11,1.0229,0.0138,5247.91245,0.8318,-0.0262,0.609,11494.59195,-406.3329,reject,False,pf_below_1_20;win_rate_below_45;drawdown_above_5000;first_half_pf_below_1;last_1000_pf_below_1;last_1000_expectancy_strong_negative;last_2000_pf_below_1;test_pf_below_1;monte_carlo_risk_of_ruin_high;monte_carlo_drawdown_p95_above_limit;monte_carlo_stressed_pf_below_1_05;monte_carlo_stressed_expectancy_negative,False,False
H1,rsi_reversal_v2_confirmed,1.5,30.0,90,37,53,41.11,1.0229,0.0138,5247.91245,0.8318,-0.0262,0.609,11494.59195,-406.3329,reject,False,pf_below_1_20;win_rate_below_45;drawdown_above_5000;first_half_pf_below_1;last_1000_pf_below_1;last_1000_expectancy_strong_negative;last_2000_pf_below_1;test_pf_below_1;monte_carlo_risk_of_ruin_high;monte_carlo_drawdown_p95_above_limit;monte_carlo_stressed_pf_below_1_05;monte_carlo_stressed_expectancy_negative,False,False
H1,rsi_reversal_v2_confirmed,1.5,60.0,90,37,53,41.11,1.0229,0.0138,5247.91245,0.8318,-0.0262,0.609,11494.59195,-406.3329,reject,False,pf_below_1_20;win_rate_below_45;drawdown_above_5000;first_half_pf_below_1;last_1000_pf_below_1;last_1000_expectancy_strong_negative;last_2000_pf_below_1;test_pf_below_1;monte_carlo_risk_of_ruin_high;monte_carlo_drawdown_p95_above_limit;monte_carlo_stressed_pf_below_1_05;monte_carlo_stressed_expectancy_negative,False,False
H1,quality_strict,1.5,15.0,66,25,41,37.88,0.8626,-0.0248,4715.5008,0.9555,-0.0005,0.603,11707.9499,-409.6088,reject,False,pf_below_1_20;expectancy_not_positive;win_rate_below_45;second_half_pf_below_1;last_2000_pf_below_1;test_pf_below_1;monte_carlo_risk_of_ruin_high;monte_carlo_drawdown_p95_above_limit;monte_carlo_stressed_pf_below_1_05;monte_carlo_stressed_expectancy_negative,False,False
H1,quality_strict,1.5,30.0,66,25,41,37.88,0.8626,-0.0248,4715.5008,0.9555,-0.0005,0.603,11707.9499,-409.6088,reject,False,pf_below_1_20;expectancy_not_positive;win_rate_below_45;second_half_pf_below_1;last_2000_pf_below_1;test_pf_below_1;monte_carlo_risk_of_ruin_high;monte_carlo_drawdown_p95_above_limit;monte_carlo_stressed_pf_below_1_05;monte_carlo_stressed_expectancy_negative,False,False
H1,quality_strict,1.5,60.0,66,25,41,37.88,0.8626,-0.0248,4715.5008,0.9555,-0.0005,0.603,11707.9499,-409.6088,reject,False,pf_below_1_20;expectancy_not_positive;win_rate_below_45;second_half_pf_below_1;last_2000_pf_below_1;test_pf_below_1;monte_carlo_risk_of_ruin_high;monte_carlo_drawdown_p95_above_limit;monte_carlo_stressed_pf_below_1_05;monte_carlo_stressed_expectancy_negative,False,False
H1,anti_chop_v2_safe,1.5,15.0,58,22,36,37.93,0.8615,-0.0227,4875.2508,1.0226,0.0112,0.567,10357.3225,-409.6861,reject,False,pf_below_1_20;expectancy_not_positive;win_rate_below_45;first_half_pf_below_1;monte_carlo_risk_of_ruin_high;monte_carlo_drawdown_p95_above_limit;monte_carlo_stressed_pf_below_1_05;monte_carlo_stressed_expectancy_negative,False,False
H1,anti_chop_v2_safe,1.5,30.0,58,22,36,37.93,0.8615,-0.0227,4875.2508,1.0226,0.0112,0.567,10357.3225,-409.6861,reject,False,pf_below_1_20;expectancy_not_positive;win_rate_below_45;first_half_pf_below_1;monte_carlo_risk_of_ruin_high;monte_carlo_drawdown_p95_above_limit;monte_carlo_stressed_pf_below_1_05;monte_carlo_stressed_expectancy_negative,False,False
H1,anti_chop_v2_safe,1.5,60.0,58,22,36,37.93,0.8615,-0.0227,4875.2508,1.0226,0.0112,0.567,10357.3225,-409.6861,reject,False,pf_below_1_20;expectancy_not_positive;win_rate_below_45;first_half_pf_below_1;monte_carlo_risk_of_ruin_high;monte_carlo_drawdown_p95_above_limit;monte_carlo_stressed_pf_below_1_05;monte_carlo_stressed_expectancy_negative,False,False
H1,trend_v2_drawdown_guard,1.5,15.0,58,22,36,37.93,0.8615,-0.0227,4875.2508,1.0226,0.0112,0.567,10357.3225,-409.6861,reject,False,pf_below_1_20;expectancy_not_positive;win_rate_below_45;first_half_pf_below_1;monte_carlo_risk_of_ruin_high;monte_carlo_drawdown_p95_above_limit;monte_carlo_stressed_pf_below_1_05;monte_carlo_stressed_expectancy_negative,False,False
H1,trend_v2_drawdown_guard,1.5,30.0,58,22,36,37.93,0.8615,-0.0227,4875.2508,1.0226,0.0112,0.567,10357.3225,-409.6861,reject,False,pf_below_1_20;expectancy_not_positive;win_rate_below_45;first_half_pf_below_1;monte_carlo_risk_of_ruin_high;monte_carlo_drawdown_p95_above_limit;monte_carlo_stressed_pf_below_1_05;monte_carlo_stressed_expectancy_negative,False,False
H1,trend_v2_drawdown_guard,1.5,60.0,58,22,36,37.93,0.8615,-0.0227,4875.2508,1.0226,0.0112,0.567,10357.3225,-409.6861,reject,False,pf_below_1_20;expectancy_not_positive;win_rate_below_45;first_half_pf_below_1;monte_carlo_risk_of_ruin_high;monte_carlo_drawdown_p95_above_limit;monte_carlo_stressed_pf_below_1_05;monte_carlo_stressed_expectancy_negative,False,False
H1,rsi_reversal_v2_confirmed,1.2,15.0,90,37,53,41.11,1.0209,0.011,5562.52563,0.7327,-0.0471,0.612,11622.42591,-420.0821,reject,False,pf_below_1_20;win_rate_below_45;drawdown_above_5000;last_1000_pf_below_1;last_1000_expectancy_strong_negative;last_2000_pf_below_1;test_pf_below_1;monte_carlo_risk_of_ruin_high;monte_carlo_drawdown_p95_above_limit;monte_carlo_stressed_pf_below_1_05;monte_carlo_stressed_expectancy_negative,False,False
H1,rsi_reversal_v2_confirmed,1.2,30.0,90,37,53,41.11,1.0209,0.011,5562.52563,0.7327,-0.0471,0.612,11622.42591,-420.0821,reject,False,pf_below_1_20;win_rate_below_45;drawdown_above_5000;last_1000_pf_below_1;last_1000_expectancy_strong_negative;last_2000_pf_below_1;test_pf_below_1;monte_carlo_risk_of_ruin_high;monte_carlo_drawdown_p95_above_limit;monte_carlo_stressed_pf_below_1_05;monte_carlo_stressed_expectancy_negative,False,False
H1,rsi_reversal_v2_confirmed,1.2,60.0,90,37,53,41.11,1.0209,0.011,5562.52563,0.7327,-0.0471,0.612,11622.42591,-420.0821,reject,False,pf_below_1_20;win_rate_below_45;drawdown_above_5000;last_1000_pf_below_1;last_1000_expectancy_strong_negative;last_2000_pf_below_1;test_pf_below_1;monte_carlo_risk_of_ruin_high;monte_carlo_drawdown_p95_above_limit;monte_carlo_stressed_pf_below_1_05;monte_carlo_stressed_expectancy_negative,False,False
H1,anti_chop_v1,1.2,15.0,178,75,103,42.13,0.9749,0.0022,6736.70781,0.9885,0.0042,0.897,17698.54985,-430.0358,reject,False,pf_below_1_20;win_rate_below_45;drawdown_above_5000;first_half_pf_below_1;last_1000_pf_below_1;last_1000_expectancy_strong_negative;last_2000_pf_below_1;test_pf_below_1;monte_carlo_risk_of_ruin_high;monte_carlo_drawdown_p95_above_limit;monte_carlo_stressed_pf_below_1_05;monte_carlo_stressed_expectancy_negative,False,False
H1,anti_chop_v1,1.2,30.0,178,75,103,42.13,0.9749,0.0022,6736.70781,0.9885,0.0042,0.897,17698.54985,-430.0358,reject,False,pf_below_1_20;win_rate_below_45;drawdown_above_5000;first_half_pf_below_1;last_1000_pf_below_1;last_1000_expectancy_strong_negative;last_2000_pf_below_1;test_pf_below_1;monte_carlo_risk_of_ruin_high;monte_carlo_drawdown_p95_above_limit;monte_carlo_stressed_pf_below_1_05;monte_carlo_stressed_expectancy_negative,False,False
H1,anti_chop_v1,1.2,60.0,178,75,103,42.13,0.9749,0.0022,6736.70781,0.9885,0.0042,0.897,17698.54985,-430.0358,reject,False,pf_below_1_20;win_rate_below_45;drawdown_above_5000;first_half_pf_below_1;last_1000_pf_below_1;last_1000_expectancy_strong_negative;last_2000_pf_below_1;test_pf_below_1;monte_carlo_risk_of_ruin_high;monte_carlo_drawdown_p95_above_limit;monte_carlo_stressed_pf_below_1_05;monte_carlo_stressed_expectancy_negative,False,False
H1,anti_chop_v1,1.5,15.0,178,75,103,42.13,0.9845,0.0052,7558.96765,1.0539,0.016,0.896,17426.44445,-437.3081,reject,False,pf_below_1_20;win_rate_below_45;drawdown_above_5000;first_half_pf_below_1;last_1000_pf_below_1;last_1000_expectancy_strong_negative;monte_carlo_risk_of_ruin_high;monte_carlo_drawdown_p95_above_limit;monte_carlo_stressed_pf_below_1_05;monte_carlo_stressed_expectancy_negative,False,False
H1,anti_chop_v1,1.5,30.0,178,75,103,42.13,0.9845,0.0052,7558.96765,1.0539,0.016,0.896,17426.44445,-437.3081,reject,False,pf_below_1_20;win_rate_below_45;drawdown_above_5000;first_half_pf_below_1;last_1000_pf_below_1;last_1000_expectancy_strong_negative;monte_carlo_risk_of_ruin_high;monte_carlo_drawdown_p95_above_limit;monte_carlo_stressed_pf_below_1_05;monte_carlo_stressed_expectancy_negative,False,False
H1,anti_chop_v1,1.5,60.0,178,75,103,42.13,0.9845,0.0052,7558.96765,1.0539,0.016,0.896,17426.44445,-437.3081,reject,False,pf_below_1_20;win_rate_below_45;drawdown_above_5000;first_half_pf_below_1;last_1000_pf_below_1;last_1000_expectancy_strong_negative;monte_carlo_risk_of_ruin_high;monte_carlo_drawdown_p95_above_limit;monte_carlo_stressed_pf_below_1_05;monte_carlo_stressed_expectancy_negative,False,False
H1,anti_chop_v2_safe,1.2,15.0,58,22,36,37.93,0.7886,-0.0391,4875.2508,0.8669,-0.0178,0.595,10614.6834,-439.8346,reject,False,pf_below_1_20;expectancy_not_positive;win_rate_below_45;first_half_pf_below_1;second_half_pf_below_1;last_2000_pf_below_1;test_pf_below_1;monte_carlo_risk_of_ruin_high;monte_carlo_drawdown_p95_above_limit;monte_carlo_stressed_pf_below_1_05;monte_carlo_stressed_expectancy_negative,False,False
H1,anti_chop_v2_safe,1.2,30.0,58,22,36,37.93,0.7886,-0.0391,4875.2508,0.8669,-0.0178,0.595,10614.6834,-439.8346,reject,False,pf_below_1_20;expectancy_not_positive;win_rate_below_45;first_half_pf_below_1;second_half_pf_below_1;last_2000_pf_below_1;test_pf_below_1;monte_carlo_risk_of_ruin_high;monte_carlo_drawdown_p95_above_limit;monte_carlo_stressed_pf_below_1_05;monte_carlo_stressed_expectancy_negative,False,False
H1,anti_chop_v2_safe,1.2,60.0,58,22,36,37.93,0.7886,-0.0391,4875.2508,0.8669,-0.0178,0.595,10614.6834,-439.8346,reject,False,pf_below_1_20;expectancy_not_positive;win_rate_below_45;first_half_pf_below_1;second_half_pf_below_1;last_2000_pf_below_1;test_pf_below_1;monte_carlo_risk_of_ruin_high;monte_carlo_drawdown_p95_above_limit;monte_carlo_stressed_pf_below_1_05;monte_carlo_stressed_expectancy_negative,False,False
H1,trend_v2_drawdown_guard,1.2,15.0,58,22,36,37.93,0.7886,-0.0391,4875.2508,0.8669,-0.0178,0.595,10614.6834,-439.8346,reject,False,pf_below_1_20;expectancy_not_positive;win_rate_below_45;first_half_pf_below_1;second_half_pf_below_1;last_2000_pf_below_1;test_pf_below_1;monte_carlo_risk_of_ruin_high;monte_carlo_drawdown_p95_above_limit;monte_carlo_stressed_pf_below_1_05;monte_carlo_stressed_expectancy_negative,False,False
H1,trend_v2_drawdown_guard,1.2,30.0,58,22,36,37.93,0.7886,-0.0391,4875.2508,0.8669,-0.0178,0.595,10614.6834,-439.8346,reject,False,pf_below_1_20;expectancy_not_positive;win_rate_below_45;first_half_pf_below_1;second_half_pf_below_1;last_2000_pf_below_1;test_pf_below_1;monte_carlo_risk_of_ruin_high;monte_carlo_drawdown_p95_above_limit;monte_carlo_stressed_pf_below_1_05;monte_carlo_stressed_expectancy_negative,False,False
H1,trend_v2_drawdown_guard,1.2,60.0,58,22,36,37.93,0.7886,-0.0391,4875.2508,0.8669,-0.0178,0.595,10614.6834,-439.8346,reject,False,pf_below_1_20;expectancy_not_positive;win_rate_below_45;first_half_pf_below_1;second_half_pf_below_1;last_2000_pf_below_1;test_pf_below_1;monte_carlo_risk_of_ruin_high;monte_carlo_drawdown_p95_above_limit;monte_carlo_stressed_pf_below_1_05;monte_carlo_stressed_expectancy_negative,False,False
H1,momentum_v2_filtered,1.0,15.0,56,22,34,39.29,0.7677,-0.0408,4527.36445,0.7631,-0.0372,0.537,10446.2388,-441.1531,reject,False,pf_below_1_20;expectancy_not_positive;win_rate_below_45;first_half_pf_below_1;second_half_pf_below_1;last_2000_pf_below_1;test_pf_below_1;monte_carlo_risk_of_ruin_high;monte_carlo_drawdown_p95_above_limit;monte_carlo_stressed_pf_below_1_05;monte_carlo_stressed_expectancy_negative,False,False
H1,momentum_v2_filtered,1.0,30.0,56,22,34,39.29,0.7677,-0.0408,4527.36445,0.7631,-0.0372,0.537,10446.2388,-441.1531,reject,False,pf_below_1_20;expectancy_not_positive;win_rate_below_45;first_half_pf_below_1;second_half_pf_below_1;last_2000_pf_below_1;test_pf_below_1;monte_carlo_risk_of_ruin_high;monte_carlo_drawdown_p95_above_limit;monte_carlo_stressed_pf_below_1_05;monte_carlo_stressed_expectancy_negative,False,False
H1,momentum_v2_filtered,1.0,60.0,56,22,34,39.29,0.7677,-0.0408,4527.36445,0.7631,-0.0372,0.537,10446.2388,-441.1531,reject,False,pf_below_1_20;expectancy_not_positive;win_rate_below_45;first_half_pf_below_1;second_half_pf_below_1;last_2000_pf_below_1;test_pf_below_1;monte_carlo_risk_of_ruin_high;monte_carlo_drawdown_p95_above_limit;monte_carlo_stressed_pf_below_1_05;monte_carlo_stressed_expectancy_negative,False,False
H1,quality_strict,1.2,15.0,66,25,41,37.88,0.7999,-0.0392,5009.48318,0.8229,-0.0262,0.644,12177.355,-449.6225,reject,False,pf_below_1_20;expectancy_not_positive;win_rate_below_45;drawdown_above_5000;second_half_pf_below_1;last_2000_pf_below_1;test_pf_below_1;monte_carlo_risk_of_ruin_high;monte_carlo_drawdown_p95_above_limit;monte_carlo_stressed_pf_below_1_05;monte_carlo_stressed_expectancy_negative,False,False
H1,quality_strict,1.2,30.0,66,25,41,37.88,0.7999,-0.0392,5009.48318,0.8229,-0.0262,0.644,12177.355,-449.6225,reject,False,pf_below_1_20;expectancy_not_positive;win_rate_below_45;drawdown_above_5000;second_half_pf_below_1;last_2000_pf_below_1;test_pf_below_1;monte_carlo_risk_of_ruin_high;monte_carlo_drawdown_p95_above_limit;monte_carlo_stressed_pf_below_1_05;monte_carlo_stressed_expectancy_negative,False,False
H1,quality_strict,1.2,60.0,66,25,41,37.88,0.7999,-0.0392,5009.48318,0.8229,-0.0262,0.644,12177.355,-449.6225,reject,False,pf_below_1_20;expectancy_not_positive;win_rate_below_45;drawdown_above_5000;second_half_pf_below_1;last_2000_pf_below_1;test_pf_below_1;monte_carlo_risk_of_ruin_high;monte_carlo_drawdown_p95_above_limit;monte_carlo_stressed_pf_below_1_05;monte_carlo_stressed_expectancy_negative,False,False
H1,anti_chop_v1,1.0,15.0,178,76,102,42.7,0.9346,-0.0054,7297.97445,1.0077,0.0068,0.895,17927.39795,-450.3927,reject,False,pf_below_1_20;expectancy_not_positive;win_rate_below_45;drawdown_above_5000;first_half_pf_below_1;last_1000_pf_below_1;last_1000_expectancy_strong_negative;monte_carlo_risk_of_ruin_high;monte_carlo_drawdown_p95_above_limit;monte_carlo_stressed_pf_below_1_05;monte_carlo_stressed_expectancy_negative,False,False
H1,anti_chop_v1,1.0,30.0,178,76,102,42.7,0.9346,-0.0054,7297.97445,1.0077,0.0068,0.895,17927.39795,-450.3927,reject,False,pf_below_1_20;expectancy_not_positive;win_rate_below_45;drawdown_above_5000;first_half_pf_below_1;last_1000_pf_below_1;last_1000_expectancy_strong_negative;monte_carlo_risk_of_ruin_high;monte_carlo_drawdown_p95_above_limit;monte_carlo_stressed_pf_below_1_05;monte_carlo_stressed_expectancy_negative,False,False
H1,anti_chop_v1,1.0,60.0,178,76,102,42.7,0.9346,-0.0054,7297.97445,1.0077,0.0068,0.895,17927.39795,-450.3927,reject,False,pf_below_1_20;expectancy_not_positive;win_rate_below_45;drawdown_above_5000;first_half_pf_below_1;last_1000_pf_below_1;last_1000_expectancy_strong_negative;monte_carlo_risk_of_ruin_high;monte_carlo_drawdown_p95_above_limit;monte_carlo_stressed_pf_below_1_05;monte_carlo_stressed_expectancy_negative,False,False
H1,rsi_reversal_v2_confirmed,1.0,15.0,90,37,53,41.11,0.9078,-0.011,5772.26775,0.6666,-0.0611,0.677,12477.08875,-470.3958,reject,False,pf_below_1_20;expectancy_not_positive;win_rate_below_45;drawdown_above_5000;first_half_pf_below_1;second_half_pf_below_1;last_1000_pf_below_1;last_1000_expectancy_strong_negative;last_2000_pf_below_1;last_2000_expectancy_strong_negative;test_pf_below_1;monte_carlo_risk_of_ruin_high;monte_carlo_drawdown_p95_above_limit;monte_carlo_stressed_pf_below_1_05;monte_carlo_stressed_expectancy_negative,False,False
H1,rsi_reversal_v2_confirmed,1.0,30.0,90,37,53,41.11,0.9078,-0.011,5772.26775,0.6666,-0.0611,0.677,12477.08875,-470.3958,reject,False,pf_below_1_20;expectancy_not_positive;win_rate_below_45;drawdown_above_5000;first_half_pf_below_1;second_half_pf_below_1;last_1000_pf_below_1;last_1000_expectancy_strong_negative;last_2000_pf_below_1;last_2000_expectancy_strong_negative;test_pf_below_1;monte_carlo_risk_of_ruin_high;monte_carlo_drawdown_p95_above_limit;monte_carlo_stressed_pf_below_1_05;monte_carlo_stressed_expectancy_negative,False,False
H1,rsi_reversal_v2_confirmed,1.0,60.0,90,37,53,41.11,0.9078,-0.011,5772.26775,0.6666,-0.0611,0.677,12477.08875,-470.3958,reject,False,pf_below_1_20;expectancy_not_positive;win_rate_below_45;drawdown_above_5000;first_half_pf_below_1;second_half_pf_below_1;last_1000_pf_below_1;last_1000_expectancy_strong_negative;last_2000_pf_below_1;last_2000_expectancy_strong_negative;test_pf_below_1;monte_carlo_risk_of_ruin_high;monte_carlo_drawdown_p95_above_limit;monte_carlo_stressed_pf_below_1_05;monte_carlo_stressed_expectancy_negative,False,False
H1,anti_chop_v2_safe,1.0,15.0,58,22,36,37.93,0.7094,-0.056,5544.18445,0.7631,-0.0372,0.643,10966.06165,-489.6543,reject,False,pf_below_1_20;expectancy_not_positive;win_rate_below_45;drawdown_above_5000;first_half_pf_below_1;second_half_pf_below_1;last_2000_pf_below_1;test_pf_below_1;buy_side_destructive;monte_carlo_risk_of_ruin_high;monte_carlo_drawdown_p95_above_limit;monte_carlo_stressed_pf_below_1_05;monte_carlo_stressed_expectancy_negative,False,False
H1,anti_chop_v2_safe,1.0,30.0,58,22,36,37.93,0.7094,-0.056,5544.18445,0.7631,-0.0372,0.643,10966.06165,-489.6543,reject,False,pf_below_1_20;expectancy_not_positive;win_rate_below_45;drawdown_above_5000;first_half_pf_below_1;second_half_pf_below_1;last_2000_pf_below_1;test_pf_below_1;buy_side_destructive;monte_carlo_risk_of_ruin_high;monte_carlo_drawdown_p95_above_limit;monte_carlo_stressed_pf_below_1_05;monte_carlo_stressed_expectancy_negative,False,False
H1,anti_chop_v2_safe,1.0,60.0,58,22,36,37.93,0.7094,-0.056,5544.18445,0.7631,-0.0372,0.643,10966.06165,-489.6543,reject,False,pf_below_1_20;expectancy_not_positive;win_rate_below_45;drawdown_above_5000;first_half_pf_below_1;second_half_pf_below_1;last_2000_pf_below_1;test_pf_below_1;buy_side_destructive;monte_carlo_risk_of_ruin_high;monte_carlo_drawdown_p95_above_limit;monte_carlo_stressed_pf_below_1_05;monte_carlo_stressed_expectancy_negative,False,False
H1,trend_v2_drawdown_guard,1.0,15.0,58,22,36,37.93,0.7094,-0.056,5544.18445,0.7631,-0.0372,0.643,10966.06165,-489.6543,reject,False,pf_below_1_20;expectancy_not_positive;win_rate_below_45;drawdown_above_5000;first_half_pf_below_1;second_half_pf_below_1;last_2000_pf_below_1;test_pf_below_1;buy_side_destructive;monte_carlo_risk_of_ruin_high;monte_carlo_drawdown_p95_above_limit;monte_carlo_stressed_pf_below_1_05;monte_carlo_stressed_expectancy_negative,False,False
H1,trend_v2_drawdown_guard,1.0,30.0,58,22,36,37.93,0.7094,-0.056,5544.18445,0.7631,-0.0372,0.643,10966.06165,-489.6543,reject,False,pf_below_1_20;expectancy_not_positive;win_rate_below_45;drawdown_above_5000;first_half_pf_below_1;second_half_pf_below_1;last_2000_pf_below_1;test_pf_below_1;buy_side_destructive;monte_carlo_risk_of_ruin_high;monte_carlo_drawdown_p95_above_limit;monte_carlo_stressed_pf_below_1_05;monte_carlo_stressed_expectancy_negative,False,False
H1,trend_v2_drawdown_guard,1.0,60.0,58,22,36,37.93,0.7094,-0.056,5544.18445,0.7631,-0.0372,0.643,10966.06165,-489.6543,reject,False,pf_below_1_20;expectancy_not_positive;win_rate_below_45;drawdown_above_5000;first_half_pf_below_1;second_half_pf_below_1;last_2000_pf_below_1;test_pf_below_1;buy_side_destructive;monte_carlo_risk_of_ruin_high;monte_carlo_drawdown_p95_above_limit;monte_carlo_stressed_pf_below_1_05;monte_carlo_stressed_expectancy_negative,False,False
H1,quality_strict,1.0,15.0,66,25,41,37.88,0.7319,-0.054,5831.35445,0.7345,-0.0434,0.689,12713.87125,-494.6119,reject,False,pf_below_1_20;expectancy_not_positive;win_rate_below_45;drawdown_above_5000;first_half_pf_below_1;second_half_pf_below_1;last_2000_pf_below_1;test_pf_below_1;buy_side_destructive;monte_carlo_risk_of_ruin_high;monte_carlo_drawdown_p95_above_limit;monte_carlo_stressed_pf_below_1_05;monte_carlo_stressed_expectancy_negative,False,False
H1,quality_strict,1.0,30.0,66,25,41,37.88,0.7319,-0.054,5831.35445,0.7345,-0.0434,0.689,12713.87125,-494.6119,reject,False,pf_below_1_20;expectancy_not_positive;win_rate_below_45;drawdown_above_5000;first_half_pf_below_1;second_half_pf_below_1;last_2000_pf_below_1;test_pf_below_1;buy_side_destructive;monte_carlo_risk_of_ruin_high;monte_carlo_drawdown_p95_above_limit;monte_carlo_stressed_pf_below_1_05;monte_carlo_stressed_expectancy_negative,False,False
H1,quality_strict,1.0,60.0,66,25,41,37.88,0.7319,-0.054,5831.35445,0.7345,-0.0434,0.689,12713.87125,-494.6119,reject,False,pf_below_1_20;expectancy_not_positive;win_rate_below_45;drawdown_above_5000;first_half_pf_below_1;second_half_pf_below_1;last_2000_pf_below_1;test_pf_below_1;buy_side_destructive;monte_carlo_risk_of_ruin_high;monte_carlo_drawdown_p95_above_limit;monte_carlo_stressed_pf_below_1_05;monte_carlo_stressed_expectancy_negative,False,False
M15,capital_preservation_v1,1.0,15.0,0,0,0,0.0,0.0,0.0,0.0,0.0,0.0,1.0,0.0,-580.0,reject,False,sample_too_small;pf_below_1_20;expectancy_not_positive;win_rate_below_45;monte_carlo_no_closed_trades,False,False
M15,capital_preservation_v1,1.0,30.0,0,0,0,0.0,0.0,0.0,0.0,0.0,0.0,1.0,0.0,-580.0,reject,False,sample_too_small;pf_below_1_20;expectancy_not_positive;win_rate_below_45;monte_carlo_no_closed_trades,False,False
M15,capital_preservation_v1,1.0,60.0,0,0,0,0.0,0.0,0.0,0.0,0.0,0.0,1.0,0.0,-580.0,reject,False,sample_too_small;pf_below_1_20;expectancy_not_positive;win_rate_below_45;monte_carlo_no_closed_trades,False,False
M15,capital_preservation_v1,1.2,15.0,0,0,0,0.0,0.0,0.0,0.0,0.0,0.0,1.0,0.0,-580.0,reject,False,sample_too_small;pf_below_1_20;expectancy_not_positive;win_rate_below_45;monte_carlo_no_closed_trades,False,False
M15,capital_preservation_v1,1.2,30.0,0,0,0,0.0,0.0,0.0,0.0,0.0,0.0,1.0,0.0,-580.0,reject,False,sample_too_small;pf_below_1_20;expectancy_not_positive;win_rate_below_45;monte_carlo_no_closed_trades,False,False
M15,capital_preservation_v1,1.2,60.0,0,0,0,0.0,0.0,0.0,0.0,0.0,0.0,1.0,0.0,-580.0,reject,False,sample_too_small;pf_below_1_20;expectancy_not_positive;win_rate_below_45;monte_carlo_no_closed_trades,False,False
M15,capital_preservation_v1,1.5,15.0,0,0,0,0.0,0.0,0.0,0.0,0.0,0.0,1.0,0.0,-580.0,reject,False,sample_too_small;pf_below_1_20;expectancy_not_positive;win_rate_below_45;monte_carlo_no_closed_trades,False,False
M15,capital_preservation_v1,1.5,30.0,0,0,0,0.0,0.0,0.0,0.0,0.0,0.0,1.0,0.0,-580.0,reject,False,sample_too_small;pf_below_1_20;expectancy_not_positive;win_rate_below_45;monte_carlo_no_closed_trades,False,False
M15,capital_preservation_v1,1.5,60.0,0,0,0,0.0,0.0,0.0,0.0,0.0,0.0,1.0,0.0,-580.0,reject,False,sample_too_small;pf_below_1_20;expectancy_not_positive;win_rate_below_45;monte_carlo_no_closed_trades,False,False
